../lfw/George_Lopez/George_Lopez_0001.jpg ../lfw/Yoriko_Kawaguchi/Yoriko_Kawaguchi_0011.jpg 0
../lfw/Amelie_Mauresmo/Amelie_Mauresmo_0021.jpg ../lfw/Amelie_Mauresmo/Amelie_Mauresmo_0003.jpg 1
../lfw/Colin_Powell/Colin_Powell_0114.jpg ../lfw/Colin_Powell/Colin_Powell_0166.jpg 1
../lfw/Makiko_Tanaka/Makiko_Tanaka_0001.jpg ../lfw/Kurt_Russell/Kurt_Russell_0001.jpg 0
../lfw/Colin_Powell/Colin_Powell_0184.jpg ../lfw/Dianne_Feinstein/Dianne_Feinstein_0001.jpg 0
../lfw/Carlos_Menem/Carlos_Menem_0012.jpg ../lfw/Carlos_Menem/Carlos_Menem_0015.jpg 1
../lfw/Art_Howe/Art_Howe_0002.jpg ../lfw/Art_Howe/Art_Howe_0002.jpg 1
../lfw/Mesut_Yilmaz/Mesut_Yilmaz_0001.jpg ../lfw/Mesut_Yilmaz/Mesut_Yilmaz_0001.jpg 1
../lfw/Donald_Rumsfeld/Donald_Rumsfeld_0019.jpg ../lfw/Donald_Rumsfeld/Donald_Rumsfeld_0061.jpg 1
../lfw/Atal_Bihari_Vajpayee/Atal_Bihari_Vajpayee_0019.jpg ../lfw/Atal_Bihari_Vajpayee/Atal_Bihari_Vajpayee_0018.jpg 1
../lfw/Nathan_Smith/Nathan_Smith_0001.jpg ../lfw/Nathan_Smith/Nathan_Smith_0001.jpg 1
../lfw/Jose_Canseco/Jose_Canseco_0002.jpg ../lfw/Zoran_Djindjic/Zoran_Djindjic_0002.jpg 0
../lfw/Tonga/Tonga_0001.jpg ../lfw/Tonga/Tonga_0001.jpg 1
../lfw/Thaksin_Shinawatra/Thaksin_Shinawatra_0004.jpg ../lfw/Vladimir_Putin/Vladimir_Putin_0006.jpg 0
../lfw/Paul_McCartney/Paul_McCartney_0005.jpg ../lfw/Tony_Blair/Tony_Blair_0134.jpg 0
../lfw/Nestor_Kirchner/Nestor_Kirchner_0003.jpg ../lfw/Nestor_Kirchner/Nestor_Kirchner_0011.jpg 1
../lfw/Paul_Wolfowitz/Paul_Wolfowitz_0002.jpg ../lfw/Paul_Wolfowitz/Paul_Wolfowitz_0002.jpg 1
../lfw/Ariel_Sharon/Ariel_Sharon_0075.jpg ../lfw/Hashan_Tillakaratne/Hashan_Tillakaratne_0001.jpg 0
../lfw/Paradorn_Srichaphan/Paradorn_Srichaphan_0004.jpg ../lfw/Ariel_Sharon/Ariel_Sharon_0003.jpg 0
../lfw/Sheila_Taormina/Sheila_Taormina_0001.jpg ../lfw/Jackie_Chan/Jackie_Chan_0002.jpg 0
../lfw/Caroline_Dhavernas/Caroline_Dhavernas_0001.jpg ../lfw/Caroline_Dhavernas/Caroline_Dhavernas_0001.jpg 1
../lfw/Kathy_Baker/Kathy_Baker_0001.jpg ../lfw/Jada_Pinkett_Smith/Jada_Pinkett_Smith_0002.jpg 0
../lfw/Abdullah_Gul/Abdullah_Gul_0001.jpg ../lfw/Carlo_Azeglio_Ciampi/Carlo_Azeglio_Ciampi_0001.jpg 0
../lfw/Ibrahim_Jaafari/Ibrahim_Jaafari_0002.jpg ../lfw/Ibrahim_Jaafari/Ibrahim_Jaafari_0002.jpg 1
../lfw/Pervez_Musharraf/Pervez_Musharraf_0013.jpg ../lfw/Adam_Freier/Adam_Freier_0001.jpg 0
../lfw/Pierre_Pettigrew/Pierre_Pettigrew_0001.jpg ../lfw/George_Robertson/George_Robertson_0002.jpg 0
../lfw/Mesut_Yilmaz/Mesut_Yilmaz_0001.jpg ../lfw/Mesut_Yilmaz/Mesut_Yilmaz_0001.jpg 1
../lfw/Gerard_de_Cortanze/Gerard_de_Cortanze_0001.jpg ../lfw/Brian_Kerr/Brian_Kerr_0001.jpg 0
../lfw/Rollie_Massimino/Rollie_Massimino_0001.jpg ../lfw/Rollie_Massimino/Rollie_Massimino_0001.jpg 1
../lfw/Jorge_Castaneda/Jorge_Castaneda_0002.jpg ../lfw/Jorge_Castaneda/Jorge_Castaneda_0002.jpg 1
../lfw/Kim_Ryong-sung/Kim_Ryong-sung_0008.jpg ../lfw/Kim_Ryong-sung/Kim_Ryong-sung_0008.jpg 1
../lfw/John_Ashcroft/John_Ashcroft_0026.jpg ../lfw/Jiri_Novak/Jiri_Novak_0002.jpg 0
../lfw/Thomas_OBrien/Thomas_OBrien_0008.jpg ../lfw/Dennis_Kucinich/Dennis_Kucinich_0006.jpg 0
../lfw/Gabriel_Batistuta/Gabriel_Batistuta_0002.jpg ../lfw/Tim_Allen/Tim_Allen_0002.jpg 0
../lfw/George_W_Bush/George_W_Bush_0292.jpg ../lfw/Chung_Mong-joon/Chung_Mong-joon_0001.jpg 0
../lfw/Enrique_Oliu/Enrique_Oliu_0001.jpg ../lfw/Jelena_Dokic/Jelena_Dokic_0008.jpg 0
../lfw/Nestor_Kirchner/Nestor_Kirchner_0016.jpg ../lfw/Naomi_Watts/Naomi_Watts_0015.jpg 0
../lfw/Ali_Naimi/Ali_Naimi_0007.jpg ../lfw/Marcos_Milinkovic/Marcos_Milinkovic_0001.jpg 0
../lfw/Adel_Al-Jubeir/Adel_Al-Jubeir_0002.jpg ../lfw/Rainer_Schuettler/Rainer_Schuettler_0005.jpg 0
../lfw/Tammy_Lynn_Michaels/Tammy_Lynn_Michaels_0001.jpg ../lfw/Tammy_Lynn_Michaels/Tammy_Lynn_Michaels_0001.jpg 1
../lfw/Kim_Ryong-sung/Kim_Ryong-sung_0010.jpg ../lfw/Kim_Ryong-sung/Kim_Ryong-sung_0010.jpg 1
../lfw/Lin_Yi-fu/Lin_Yi-fu_0001.jpg ../lfw/Lin_Yi-fu/Lin_Yi-fu_0001.jpg 1
../lfw/Jean_Chretien/Jean_Chretien_0004.jpg ../lfw/Jean_Chretien/Jean_Chretien_0019.jpg 1
../lfw/Bridget_Fonda/Bridget_Fonda_0001.jpg ../lfw/Bridget_Fonda/Bridget_Fonda_0001.jpg 1
../lfw/Alexander_Losyukov/Alexander_Losyukov_0004.jpg ../lfw/Alexander_Losyukov/Alexander_Losyukov_0002.jpg 1
../lfw/Juan_Carlos_Ferrero/Juan_Carlos_Ferrero_0028.jpg ../lfw/Colin_Powell/Colin_Powell_0184.jpg 0
../lfw/Lord_Hutton/Lord_Hutton_0001.jpg ../lfw/Naomi_Watts/Naomi_Watts_0015.jpg 0
../lfw/Muhammad_Saeed_al-Sahhaf/Muhammad_Saeed_al-Sahhaf_0001.jpg ../lfw/Muhammad_Saeed_al-Sahhaf/Muhammad_Saeed_al-Sahhaf_0001.jpg 1
../lfw/Carlton_Dotson/Carlton_Dotson_0001.jpg ../lfw/Carlton_Dotson/Carlton_Dotson_0001.jpg 1
../lfw/Julie_Gerberding/Julie_Gerberding_0012.jpg ../lfw/Phil_Cline/Phil_Cline_0001.jpg 0
../lfw/Jacques_Chirac/Jacques_Chirac_0001.jpg ../lfw/Christine_Gregoire/Christine_Gregoire_0004.jpg 0
../lfw/Andy_Griggs/Andy_Griggs_0001.jpg ../lfw/Andy_Griggs/Andy_Griggs_0001.jpg 1
../lfw/Christian_Fittipaldi/Christian_Fittipaldi_0001.jpg ../lfw/Christian_Fittipaldi/Christian_Fittipaldi_0001.jpg 1
../lfw/Jennifer_Connelly/Jennifer_Connelly_0001.jpg ../lfw/Jennifer_Connelly/Jennifer_Connelly_0004.jpg 1
../lfw/Pedro_Almodovar/Pedro_Almodovar_0007.jpg ../lfw/Pedro_Almodovar/Pedro_Almodovar_0004.jpg 1
../lfw/Tom_Ridge/Tom_Ridge_0031.jpg ../lfw/Keanu_Reeves/Keanu_Reeves_0002.jpg 0
../lfw/George_W_Bush/George_W_Bush_0027.jpg ../lfw/Stephen_Silas/Stephen_Silas_0001.jpg 0
../lfw/Bill_Belichick/Bill_Belichick_0001.jpg ../lfw/Martin_Scorsese/Martin_Scorsese_0003.jpg 0
../lfw/Fidel_Castro/Fidel_Castro_0008.jpg ../lfw/Fidel_Castro/Fidel_Castro_0010.jpg 1
../lfw/Jiang_Zemin/Jiang_Zemin_0003.jpg ../lfw/Jiang_Zemin/Jiang_Zemin_0011.jpg 1
../lfw/Keanu_Reeves/Keanu_Reeves_0009.jpg ../lfw/Keanu_Reeves/Keanu_Reeves_0002.jpg 1
../lfw/Sally_Kirkland/Sally_Kirkland_0001.jpg ../lfw/Sally_Kirkland/Sally_Kirkland_0001.jpg 1
../lfw/Jean_Carnahan/Jean_Carnahan_0002.jpg ../lfw/Jacques_Chirac/Jacques_Chirac_0002.jpg 0
../lfw/Justine_Pasek/Justine_Pasek_0004.jpg ../lfw/Justine_Pasek/Justine_Pasek_0003.jpg 1
../lfw/Tiger_Woods/Tiger_Woods_0009.jpg ../lfw/Tiger_Woods/Tiger_Woods_0018.jpg 1
../lfw/Erika_Harold/Erika_Harold_0001.jpg ../lfw/Marion_Barry/Marion_Barry_0001.jpg 0
../lfw/David_Beckham/David_Beckham_0006.jpg ../lfw/Celso_Amorim/Celso_Amorim_0002.jpg 0
../lfw/Sheila_Wellstone/Sheila_Wellstone_0001.jpg ../lfw/Sheila_Wellstone/Sheila_Wellstone_0002.jpg 1
../lfw/John_Geoghan/John_Geoghan_0001.jpg ../lfw/John_Geoghan/John_Geoghan_0001.jpg 1
../lfw/Jon_Kitna/Jon_Kitna_0001.jpg ../lfw/Cameron_Diaz/Cameron_Diaz_0004.jpg 0
../lfw/Ralph_Sampson/Ralph_Sampson_0001.jpg ../lfw/Ralph_Sampson/Ralph_Sampson_0001.jpg 1
../lfw/Alejandro_Toledo/Alejandro_Toledo_0004.jpg ../lfw/Alejandro_Toledo/Alejandro_Toledo_0017.jpg 1
../lfw/Robert_De_Niro/Robert_De_Niro_0005.jpg ../lfw/George_W_Bush/George_W_Bush_0449.jpg 0
../lfw/Winston_Churchill/Winston_Churchill_0001.jpg ../lfw/Candie_Kung/Candie_Kung_0003.jpg 0
../lfw/Kaspar_Villiger/Kaspar_Villiger_0001.jpg ../lfw/Atal_Bihari_Vajpayee/Atal_Bihari_Vajpayee_0019.jpg 0
../lfw/John_Ashcroft/John_Ashcroft_0017.jpg ../lfw/John_Ashcroft/John_Ashcroft_0045.jpg 1
../lfw/Michael_Douglas/Michael_Douglas_0003.jpg ../lfw/Michael_Douglas/Michael_Douglas_0003.jpg 1
../lfw/Donald_Rumsfeld/Donald_Rumsfeld_0063.jpg ../lfw/Donald_Rumsfeld/Donald_Rumsfeld_0109.jpg 1
../lfw/Binyamin_Ben-Eliezer/Binyamin_Ben-Eliezer_0002.jpg ../lfw/Binyamin_Ben-Eliezer/Binyamin_Ben-Eliezer_0001.jpg 1
../lfw/Michael_Caine/Michael_Caine_0001.jpg ../lfw/Linda_Baboolal/Linda_Baboolal_0001.jpg 0
../lfw/Hayley_Tullett/Hayley_Tullett_0001.jpg ../lfw/Phil_Vassar/Phil_Vassar_0002.jpg 0
../lfw/Stephen_Silas/Stephen_Silas_0001.jpg ../lfw/John_Duprey/John_Duprey_0001.jpg 0
../lfw/Frank_Cassell/Frank_Cassell_0003.jpg ../lfw/Frank_Cassell/Frank_Cassell_0003.jpg 1
../lfw/Jennifer_Connelly/Jennifer_Connelly_0001.jpg ../lfw/Jennifer_Connelly/Jennifer_Connelly_0001.jpg 1
../lfw/Michael_Schumacher/Michael_Schumacher_0015.jpg ../lfw/Michael_Schumacher/Michael_Schumacher_0004.jpg 1
../lfw/Chakib_Khelil/Chakib_Khelil_0001.jpg ../lfw/Chakib_Khelil/Chakib_Khelil_0001.jpg 1
../lfw/Melissa_Manchester/Melissa_Manchester_0001.jpg ../lfw/Melissa_Manchester/Melissa_Manchester_0001.jpg 1
../lfw/Lucrecia_Orozco/Lucrecia_Orozco_0001.jpg ../lfw/Andre_Agassi/Andre_Agassi_0033.jpg 0
../lfw/Junichiro_Koizumi/Junichiro_Koizumi_0029.jpg ../lfw/Vicente_Fox/Vicente_Fox_0018.jpg 0
../lfw/Sachin_Tendulkar/Sachin_Tendulkar_0001.jpg ../lfw/Jeffrey_Archer/Jeffrey_Archer_0001.jpg 0
../lfw/George_W_Bush/George_W_Bush_0167.jpg ../lfw/George_W_Bush/George_W_Bush_0276.jpg 1
../lfw/Mohammed_Salmane/Mohammed_Salmane_0001.jpg ../lfw/Mohammed_Salmane/Mohammed_Salmane_0001.jpg 1
../lfw/Edwin_Edwards/Edwin_Edwards_0001.jpg ../lfw/Bob_Stoops/Bob_Stoops_0006.jpg 0
../lfw/Rudolph_Giuliani/Rudolph_Giuliani_0021.jpg ../lfw/Megawati_Sukarnoputri/Megawati_Sukarnoputri_0030.jpg 0
../lfw/Marty_Mornhinweg/Marty_Mornhinweg_0002.jpg ../lfw/Marty_Mornhinweg/Marty_Mornhinweg_0002.jpg 1
../lfw/Hamid_Karzai/Hamid_Karzai_0002.jpg ../lfw/Mohamed_ElBaradei/Mohamed_ElBaradei_0002.jpg 0
../lfw/Joe_Lieberman/Joe_Lieberman_0004.jpg ../lfw/Joe_Lieberman/Joe_Lieberman_0004.jpg 1
../lfw/Richard_Gephardt/Richard_Gephardt_0006.jpg ../lfw/Richard_Gephardt/Richard_Gephardt_0011.jpg 1
../lfw/Carl_Levin/Carl_Levin_0001.jpg ../lfw/Carl_Levin/Carl_Levin_0001.jpg 1
../lfw/Leander_Paes/Leander_Paes_0001.jpg ../lfw/Leander_Paes/Leander_Paes_0001.jpg 1
../lfw/John_Banko/John_Banko_0001.jpg ../lfw/Taia_Balk/Taia_Balk_0001.jpg 0
../lfw/George_W_Bush/George_W_Bush_0164.jpg ../lfw/Chan_Gailey/Chan_Gailey_0002.jpg 0
../lfw/Jennifer_Capriati/Jennifer_Capriati_0024.jpg ../lfw/Jennifer_Capriati/Jennifer_Capriati_0002.jpg 1
../lfw/Carlo_Ancelotti/Carlo_Ancelotti_0003.jpg ../lfw/Sheila_Taormina/Sheila_Taormina_0001.jpg 0
../lfw/Manijeh_Hekmat/Manijeh_Hekmat_0001.jpg ../lfw/Lina_Krasnoroutskaya/Lina_Krasnoroutskaya_0001.jpg 0
../lfw/Francesco_Totti/Francesco_Totti_0001.jpg ../lfw/Vaclav_Havel/Vaclav_Havel_0001.jpg 0
../lfw/Jose_Manuel_Durao_Barroso/Jose_Manuel_Durao_Barroso_0004.jpg ../lfw/Clint_Howard/Clint_Howard_0001.jpg 0
../lfw/Pervez_Musharraf/Pervez_Musharraf_0008.jpg ../lfw/Pervez_Musharraf/Pervez_Musharraf_0013.jpg 1
../lfw/Paradorn_Srichaphan/Paradorn_Srichaphan_0007.jpg ../lfw/Paradorn_Srichaphan/Paradorn_Srichaphan_0007.jpg 1
../lfw/Robert_Beck/Robert_Beck_0001.jpg ../lfw/Mikhail_Wehbe/Mikhail_Wehbe_0004.jpg 0
../lfw/David_Suazo/David_Suazo_0001.jpg ../lfw/David_Suazo/David_Suazo_0001.jpg 1
../lfw/Keanu_Reeves/Keanu_Reeves_0010.jpg ../lfw/Keanu_Reeves/Keanu_Reeves_0008.jpg 1
../lfw/George_W_Bush/George_W_Bush_0316.jpg ../lfw/George_W_Bush/George_W_Bush_0529.jpg 1
../lfw/John_Ashcroft/John_Ashcroft_0012.jpg ../lfw/John_Ashcroft/John_Ashcroft_0045.jpg 1
../lfw/David_Beckham/David_Beckham_0006.jpg ../lfw/David_Beckham/David_Beckham_0003.jpg 1
../lfw/Vicente_Fox/Vicente_Fox_0024.jpg ../lfw/Colin_Powell/Colin_Powell_0009.jpg 0
../lfw/Angelina_Jolie/Angelina_Jolie_0020.jpg ../lfw/Jayne_Yarris/Jayne_Yarris_0001.jpg 0
../lfw/Alvaro_Uribe/Alvaro_Uribe_0022.jpg ../lfw/Alvaro_Uribe/Alvaro_Uribe_0024.jpg 1
../lfw/Joan_Collins/Joan_Collins_0001.jpg ../lfw/Junichiro_Koizumi/Junichiro_Koizumi_0023.jpg 0
../lfw/Arnoldo_Aleman/Arnoldo_Aleman_0002.jpg ../lfw/Almeida_Baptista/Almeida_Baptista_0001.jpg 0
../lfw/Jon_Stewart/Jon_Stewart_0001.jpg ../lfw/Jon_Stewart/Jon_Stewart_0001.jpg 1
../lfw/Hipolito_Mejia/Hipolito_Mejia_0002.jpg ../lfw/Hipolito_Mejia/Hipolito_Mejia_0002.jpg 1
../lfw/Lance_Armstrong/Lance_Armstrong_0012.jpg ../lfw/Lance_Armstrong/Lance_Armstrong_0012.jpg 1
../lfw/Dennis_Miller/Dennis_Miller_0001.jpg ../lfw/George_W_Bush/George_W_Bush_0464.jpg 0
../lfw/Lleyton_Hewitt/Lleyton_Hewitt_0041.jpg ../lfw/Bill_Duffey/Bill_Duffey_0001.jpg 0
../lfw/Yoon_Won-Sik/Yoon_Won-Sik_0001.jpg ../lfw/Yoon_Won-Sik/Yoon_Won-Sik_0001.jpg 1
../lfw/Alejandro_Avila/Alejandro_Avila_0003.jpg ../lfw/Alejandro_Avila/Alejandro_Avila_0003.jpg 1
../lfw/Gregor_Gysi/Gregor_Gysi_0001.jpg ../lfw/George_Clooney/George_Clooney_0009.jpg 0
../lfw/Christine_Baumgartner/Christine_Baumgartner_0004.jpg ../lfw/Kim_Ryong-sung/Kim_Ryong-sung_0010.jpg 0
../lfw/Parris_Glendening/Parris_Glendening_0002.jpg ../lfw/Mary_Jo_Myers/Mary_Jo_Myers_0001.jpg 0
../lfw/Jennifer_Connelly/Jennifer_Connelly_0002.jpg ../lfw/Jack_Straw/Jack_Straw_0008.jpg 0
../lfw/Richard_Myers/Richard_Myers_0002.jpg ../lfw/Meg_Mallon/Meg_Mallon_0001.jpg 0
../lfw/Steve_Mariucci/Steve_Mariucci_0003.jpg ../lfw/Gerhard_Schroeder/Gerhard_Schroeder_0086.jpg 0
../lfw/Mary_Jo_Myers/Mary_Jo_Myers_0001.jpg ../lfw/Nicola_Wells/Nicola_Wells_0001.jpg 0
../lfw/Hipolito_Mejia/Hipolito_Mejia_0002.jpg ../lfw/Elton_John/Elton_John_0007.jpg 0
../lfw/Cosmo_Iacavazzi/Cosmo_Iacavazzi_0001.jpg ../lfw/Ali_Naimi/Ali_Naimi_0006.jpg 0
../lfw/Bob_Petrino/Bob_Petrino_0001.jpg ../lfw/Benjamin_Martinez/Benjamin_Martinez_0001.jpg 0
../lfw/Morgan_Hentzen/Morgan_Hentzen_0001.jpg ../lfw/Morgan_Hentzen/Morgan_Hentzen_0001.jpg 1
../lfw/Charles_Taylor/Charles_Taylor_0006.jpg ../lfw/Charles_Taylor/Charles_Taylor_0009.jpg 1
../lfw/Fabiola_Zuluaga/Fabiola_Zuluaga_0001.jpg ../lfw/Taha_Yassin_Ramadan/Taha_Yassin_Ramadan_0012.jpg 0
../lfw/Donald_Rumsfeld/Donald_Rumsfeld_0045.jpg ../lfw/Donald_Rumsfeld/Donald_Rumsfeld_0098.jpg 1
../lfw/Megawati_Sukarnoputri/Megawati_Sukarnoputri_0031.jpg ../lfw/Megawati_Sukarnoputri/Megawati_Sukarnoputri_0027.jpg 1
../lfw/Martin_Sheen/Martin_Sheen_0002.jpg ../lfw/James_Cunningham/James_Cunningham_0001.jpg 0
../lfw/Juan_Valencia_Osorio/Juan_Valencia_Osorio_0002.jpg ../lfw/Clay_Aiken/Clay_Aiken_0004.jpg 0
../lfw/Inga_Hall/Inga_Hall_0001.jpg ../lfw/Inga_Hall/Inga_Hall_0001.jpg 1
../lfw/Graham_Bentley/Graham_Bentley_0001.jpg ../lfw/John_Barnett/John_Barnett_0001.jpg 0
../lfw/Colin_Powell/Colin_Powell_0158.jpg ../lfw/Richard_Virenque/Richard_Virenque_0004.jpg 0
../lfw/Tommy_Haas/Tommy_Haas_0001.jpg ../lfw/Tommy_Haas/Tommy_Haas_0001.jpg 1
../lfw/Hosni_Mubarak/Hosni_Mubarak_0004.jpg ../lfw/Hosni_Mubarak/Hosni_Mubarak_0004.jpg 1
../lfw/Gerhard_Schroeder/Gerhard_Schroeder_0099.jpg ../lfw/John_Burkett/John_Burkett_0001.jpg 0
../lfw/Michael_Dell/Michael_Dell_0001.jpg ../lfw/Serena_Williams/Serena_Williams_0030.jpg 0
../lfw/Chung_Mong-joon/Chung_Mong-joon_0001.jpg ../lfw/George_W_Bush/George_W_Bush_0091.jpg 0
../lfw/John_Ashcroft/John_Ashcroft_0017.jpg ../lfw/John_Ashcroft/John_Ashcroft_0020.jpg 1
../lfw/Chris_Byrd/Chris_Byrd_0001.jpg ../lfw/Chris_Byrd/Chris_Byrd_0001.jpg 1
../lfw/Grace_Brinell/Grace_Brinell_0001.jpg ../lfw/Gil_de_Ferran/Gil_de_Ferran_0005.jpg 0
../lfw/Ekke_Hard_Forberg/Ekke_Hard_Forberg_0001.jpg ../lfw/Ekke_Hard_Forberg/Ekke_Hard_Forberg_0001.jpg 1
../lfw/Clay_Aiken/Clay_Aiken_0003.jpg ../lfw/Ataollah_Mohajerani/Ataollah_Mohajerani_0001.jpg 0
../lfw/Makhdoom_Amin_Fahim/Makhdoom_Amin_Fahim_0002.jpg ../lfw/David_Westerfield/David_Westerfield_0001.jpg 0
../lfw/Pedro_Almodovar/Pedro_Almodovar_0007.jpg ../lfw/Cass_Ballenger/Cass_Ballenger_0001.jpg 0
../lfw/Alejandro_Toledo/Alejandro_Toledo_0026.jpg ../lfw/Alejandro_Toledo/Alejandro_Toledo_0029.jpg 1
../lfw/George_W_Bush/George_W_Bush_0296.jpg ../lfw/Edwin_Edwards/Edwin_Edwards_0001.jpg 0
../lfw/Linda_Baboolal/Linda_Baboolal_0001.jpg ../lfw/Gordon_Brown/Gordon_Brown_0005.jpg 0
../lfw/Anders_Ebbeson/Anders_Ebbeson_0003.jpg ../lfw/Alejandro_Toledo/Alejandro_Toledo_0017.jpg 0
../lfw/Kristin_Chenoweth/Kristin_Chenoweth_0001.jpg ../lfw/Kristin_Chenoweth/Kristin_Chenoweth_0001.jpg 1
../lfw/Daniel_Bruehl/Daniel_Bruehl_0001.jpg ../lfw/Daniel_Bruehl/Daniel_Bruehl_0001.jpg 1
../lfw/Colin_Powell/Colin_Powell_0019.jpg ../lfw/Colin_Powell/Colin_Powell_0089.jpg 1
../lfw/Win_Aung/Win_Aung_0001.jpg ../lfw/Abel_Pacheco/Abel_Pacheco_0001.jpg 0
../lfw/Jacques_Chirac/Jacques_Chirac_0002.jpg ../lfw/Jacques_Chirac/Jacques_Chirac_0015.jpg 1
../lfw/Peter_Costello/Peter_Costello_0001.jpg ../lfw/Peter_Costello/Peter_Costello_0001.jpg 1
../lfw/Kim_Clijsters/Kim_Clijsters_0002.jpg ../lfw/Kim_Clijsters/Kim_Clijsters_0002.jpg 1
../lfw/Sergey_Lavrov/Sergey_Lavrov_0009.jpg ../lfw/Stephen_Friedman/Stephen_Friedman_0002.jpg 0
../lfw/Arnold_Palmer/Arnold_Palmer_0003.jpg ../lfw/Arnold_Palmer/Arnold_Palmer_0003.jpg 1
../lfw/Victoria_Clarke/Victoria_Clarke_0002.jpg ../lfw/Victoria_Clarke/Victoria_Clarke_0005.jpg 1
../lfw/Gillian_Anderson/Gillian_Anderson_0002.jpg ../lfw/Russell_Crowe/Russell_Crowe_0001.jpg 0
../lfw/Carly_Gullickson/Carly_Gullickson_0001.jpg ../lfw/Carly_Gullickson/Carly_Gullickson_0001.jpg 1
../lfw/Alvaro_Uribe/Alvaro_Uribe_0033.jpg ../lfw/Alvaro_Uribe/Alvaro_Uribe_0008.jpg 1
../lfw/Xanana_Gusmao/Xanana_Gusmao_0001.jpg ../lfw/Alan_Mulally/Alan_Mulally_0002.jpg 0
../lfw/Scott_Sullivan/Scott_Sullivan_0001.jpg ../lfw/Scott_Sullivan/Scott_Sullivan_0001.jpg 1
../lfw/Ricardo_Sanchez/Ricardo_Sanchez_0005.jpg ../lfw/Chris_Cirino/Chris_Cirino_0001.jpg 0
../lfw/Dick_Vermeil/Dick_Vermeil_0002.jpg ../lfw/Edina_Batar/Edina_Batar_0001.jpg 0
../lfw/Kim_Jong-Il/Kim_Jong-Il_0003.jpg ../lfw/Cameron_Diaz/Cameron_Diaz_0003.jpg 0
../lfw/Victoria_Clarke/Victoria_Clarke_0005.jpg ../lfw/Victoria_Clarke/Victoria_Clarke_0005.jpg 1
../lfw/David_Beckham/David_Beckham_0011.jpg ../lfw/Jose_Maria_Aznar/Jose_Maria_Aznar_0012.jpg 0
../lfw/Sebastian_Saja/Sebastian_Saja_0001.jpg ../lfw/Anne_ONeil/Anne_ONeil_0001.jpg 0
../lfw/Gabriel_Batistuta/Gabriel_Batistuta_0002.jpg ../lfw/Gabriel_Batistuta/Gabriel_Batistuta_0002.jpg 1
../lfw/Carlos_Moya/Carlos_Moya_0016.jpg ../lfw/Donald_Rumsfeld/Donald_Rumsfeld_0039.jpg 0
../lfw/Donatella_Versace/Donatella_Versace_0002.jpg ../lfw/Donatella_Versace/Donatella_Versace_0002.jpg 1
../lfw/Carolina_Barco/Carolina_Barco_0001.jpg ../lfw/Tony_Blair/Tony_Blair_0028.jpg 0
../lfw/Richard_Gephardt/Richard_Gephardt_0011.jpg ../lfw/Richard_Gephardt/Richard_Gephardt_0007.jpg 1
../lfw/Doug_Collins/Doug_Collins_0002.jpg ../lfw/Morgan_Hentzen/Morgan_Hentzen_0001.jpg 0
../lfw/Kim_Ryong-sung/Kim_Ryong-sung_0008.jpg ../lfw/Kim_Ryong-sung/Kim_Ryong-sung_0008.jpg 1
../lfw/Colin_Powell/Colin_Powell_0114.jpg ../lfw/Colin_Powell/Colin_Powell_0055.jpg 1
../lfw/Silvio_Berlusconi/Silvio_Berlusconi_0007.jpg ../lfw/Dick_Vermeil/Dick_Vermeil_0002.jpg 0
../lfw/Kristin_Chenoweth/Kristin_Chenoweth_0001.jpg ../lfw/John_Ashcroft/John_Ashcroft_0002.jpg 0
../lfw/John_Bolton/John_Bolton_0017.jpg ../lfw/Jennifer_Lopez/Jennifer_Lopez_0013.jpg 0
../lfw/James_Lockhart/James_Lockhart_0001.jpg ../lfw/Donald_Rumsfeld/Donald_Rumsfeld_0080.jpg 0
../lfw/Jennifer_Lopez/Jennifer_Lopez_0013.jpg ../lfw/Jennifer_Lopez/Jennifer_Lopez_0008.jpg 1
../lfw/Nestor_Kirchner/Nestor_Kirchner_0025.jpg ../lfw/Gloria_Trevi/Gloria_Trevi_0001.jpg 0
../lfw/Trent_Lott/Trent_Lott_0012.jpg ../lfw/Michael_Bloomberg/Michael_Bloomberg_0013.jpg 0
../lfw/Mahmoud_Abbas/Mahmoud_Abbas_0028.jpg ../lfw/Mahmoud_Abbas/Mahmoud_Abbas_0028.jpg 1
../lfw/Anastasia_Myskina/Anastasia_Myskina_0001.jpg ../lfw/Anastasia_Myskina/Anastasia_Myskina_0002.jpg 1
../lfw/Jean-David_Levitte/Jean-David_Levitte_0006.jpg ../lfw/Landon_Donovan/Landon_Donovan_0001.jpg 0
../lfw/Donald_Rumsfeld/Donald_Rumsfeld_0047.jpg ../lfw/Donald_Rumsfeld/Donald_Rumsfeld_0109.jpg 1
../lfw/David_Arquette/David_Arquette_0001.jpg ../lfw/David_Arquette/David_Arquette_0001.jpg 1
../lfw/George_W_Bush/George_W_Bush_0219.jpg ../lfw/Matt_Doherty/Matt_Doherty_0002.jpg 0
../lfw/Gregorio_Honasan/Gregorio_Honasan_0001.jpg ../lfw/Gregorio_Honasan/Gregorio_Honasan_0001.jpg 1
../lfw/Karen_Sharpe_Kramer/Karen_Sharpe_Kramer_0001.jpg ../lfw/Karen_Sharpe_Kramer/Karen_Sharpe_Kramer_0001.jpg 1
../lfw/Candie_Kung/Candie_Kung_0004.jpg ../lfw/Candie_Kung/Candie_Kung_0003.jpg 1
../lfw/Yoko_Ono/Yoko_Ono_0003.jpg ../lfw/Yoko_Ono/Yoko_Ono_0003.jpg 1
../lfw/Ariel_Sharon/Ariel_Sharon_0024.jpg ../lfw/Ariel_Sharon/Ariel_Sharon_0065.jpg 1
../lfw/Halle_Berry/Halle_Berry_0014.jpg ../lfw/Halle_Berry/Halle_Berry_0014.jpg 1
../lfw/Winston_Churchill/Winston_Churchill_0001.jpg ../lfw/Joan_Collins/Joan_Collins_0001.jpg 0
../lfw/Fidel_Castro/Fidel_Castro_0015.jpg ../lfw/Fidel_Castro/Fidel_Castro_0010.jpg 1
../lfw/Princess_Victoria/Princess_Victoria_0001.jpg ../lfw/Princess_Victoria/Princess_Victoria_0001.jpg 1
../lfw/Serena_Williams/Serena_Williams_0042.jpg ../lfw/Queen_Elizabeth_II/Queen_Elizabeth_II_0009.jpg 0
../lfw/George_W_Bush/George_W_Bush_0434.jpg ../lfw/George_W_Bush/George_W_Bush_0180.jpg 1
../lfw/Donald_Rumsfeld/Donald_Rumsfeld_0120.jpg ../lfw/Donald_Rumsfeld/Donald_Rumsfeld_0056.jpg 1
../lfw/Rodrigo_de_la_Cerna/Rodrigo_de_la_Cerna_0001.jpg ../lfw/Rodrigo_de_la_Cerna/Rodrigo_de_la_Cerna_0001.jpg 1
../lfw/Jerry_Regier/Jerry_Regier_0004.jpg ../lfw/Tian_Zhuang_Zhuang/Tian_Zhuang_Zhuang_0001.jpg 0
../lfw/Ricky_Ray/Ricky_Ray_0001.jpg ../lfw/Priscilla_Presley/Priscilla_Presley_0001.jpg 0
../lfw/Jim_Doyle/Jim_Doyle_0001.jpg ../lfw/Jacques_Chirac/Jacques_Chirac_0019.jpg 0
../lfw/Yang_Hee_Kim/Yang_Hee_Kim_0001.jpg ../lfw/Hanan_Ashrawi/Hanan_Ashrawi_0002.jpg 0
../lfw/Francesco_Totti/Francesco_Totti_0001.jpg ../lfw/Francesco_Totti/Francesco_Totti_0001.jpg 1
../lfw/Shimon_Peres/Shimon_Peres_0006.jpg ../lfw/John_Bolton/John_Bolton_0003.jpg 0
../lfw/Andre_Agassi/Andre_Agassi_0035.jpg ../lfw/Oscar_De_La_Hoya/Oscar_De_La_Hoya_0004.jpg 0
../lfw/Christian_Patino/Christian_Patino_0001.jpg ../lfw/George_W_Bush/George_W_Bush_0227.jpg 0
../lfw/Halle_Berry/Halle_Berry_0010.jpg ../lfw/Halle_Berry/Halle_Berry_0014.jpg 1
../lfw/Michael_Donovan/Michael_Donovan_0001.jpg ../lfw/Samuel_Waksal/Samuel_Waksal_0002.jpg 0
../lfw/Lin_Yi-fu/Lin_Yi-fu_0001.jpg ../lfw/Adrien_Brody/Adrien_Brody_0010.jpg 0
../lfw/Eduardo_Duhalde/Eduardo_Duhalde_0001.jpg ../lfw/Eduardo_Duhalde/Eduardo_Duhalde_0001.jpg 1
../lfw/Sheila_Taormina/Sheila_Taormina_0001.jpg ../lfw/George_P_Bush/George_P_Bush_0002.jpg 0
../lfw/John_Stallworth/John_Stallworth_0002.jpg ../lfw/John_Stallworth/John_Stallworth_0002.jpg 1
../lfw/Len_Jenoff/Len_Jenoff_0002.jpg ../lfw/Kim_Jong-Il/Kim_Jong-Il_0003.jpg 0
../lfw/Oscar_De_La_Hoya/Oscar_De_La_Hoya_0001.jpg ../lfw/Oscar_De_La_Hoya/Oscar_De_La_Hoya_0001.jpg 1
../lfw/Lin_Yung_Hsi/Lin_Yung_Hsi_0001.jpg ../lfw/Paul_Bremer/Paul_Bremer_0004.jpg 0
../lfw/Jaime_Pressly/Jaime_Pressly_0001.jpg ../lfw/Junichiro_Koizumi/Junichiro_Koizumi_0041.jpg 0
../lfw/Kristanna_Loken/Kristanna_Loken_0001.jpg ../lfw/David_Beckham/David_Beckham_0019.jpg 0
../lfw/Tony_Stewart/Tony_Stewart_0005.jpg ../lfw/Tony_Stewart/Tony_Stewart_0005.jpg 1
../lfw/Juan_Ignacio_Chela/Juan_Ignacio_Chela_0003.jpg ../lfw/Hayley_Tullett/Hayley_Tullett_0001.jpg 0
../lfw/Ted_Christopher/Ted_Christopher_0001.jpg ../lfw/Tony_Blair/Tony_Blair_0023.jpg 0
../lfw/Li_Zhaoxing/Li_Zhaoxing_0005.jpg ../lfw/Li_Zhaoxing/Li_Zhaoxing_0005.jpg 1
../lfw/Al_Gore/Al_Gore_0004.jpg ../lfw/Al_Gore/Al_Gore_0006.jpg 1
../lfw/Robert_Flodquist/Robert_Flodquist_0001.jpg ../lfw/Robert_Flodquist/Robert_Flodquist_0001.jpg 1
../lfw/Ari_Fleischer/Ari_Fleischer_0001.jpg ../lfw/Ari_Fleischer/Ari_Fleischer_0004.jpg 1
../lfw/Ciro_Gomes/Ciro_Gomes_0004.jpg ../lfw/Ciro_Gomes/Ciro_Gomes_0001.jpg 1
../lfw/Alvaro_Uribe/Alvaro_Uribe_0008.jpg ../lfw/Alvaro_Uribe/Alvaro_Uribe_0026.jpg 1
../lfw/Al_Davis/Al_Davis_0002.jpg ../lfw/David_Provost/David_Provost_0001.jpg 0
../lfw/Richard_Barry/Richard_Barry_0001.jpg ../lfw/Richard_Barry/Richard_Barry_0001.jpg 1
../lfw/Eddie_Lewis/Eddie_Lewis_0001.jpg ../lfw/Eddie_Lewis/Eddie_Lewis_0001.jpg 1
../lfw/Richard_Crenna/Richard_Crenna_0002.jpg ../lfw/Richard_Crenna/Richard_Crenna_0001.jpg 1
../lfw/Ricardo_Maduro/Ricardo_Maduro_0001.jpg ../lfw/Suzie_McConnell_Serio/Suzie_McConnell_Serio_0001.jpg 0
../lfw/Pedro_Velasquez/Pedro_Velasquez_0001.jpg ../lfw/Pedro_Velasquez/Pedro_Velasquez_0001.jpg 1
../lfw/Michael_Schumacher/Michael_Schumacher_0004.jpg ../lfw/Michael_Schumacher/Michael_Schumacher_0004.jpg 1
../lfw/George_W_Bush/George_W_Bush_0464.jpg ../lfw/George_W_Bush/George_W_Bush_0033.jpg 1
../lfw/Saddam_Hussein/Saddam_Hussein_0011.jpg ../lfw/Mark_Philippoussis/Mark_Philippoussis_0009.jpg 0
../lfw/Paul_Martin/Paul_Martin_0001.jpg ../lfw/Paul_Martin/Paul_Martin_0001.jpg 1
../lfw/David_Beckham/David_Beckham_0018.jpg ../lfw/David_Beckham/David_Beckham_0019.jpg 1
../lfw/Ben_Broussard/Ben_Broussard_0001.jpg ../lfw/Xanana_Gusmao/Xanana_Gusmao_0001.jpg 0
../lfw/Alexander_Losyukov/Alexander_Losyukov_0004.jpg ../lfw/Alexander_Losyukov/Alexander_Losyukov_0004.jpg 1
../lfw/Laura_Marlow/Laura_Marlow_0001.jpg ../lfw/Will_Ferrell/Will_Ferrell_0001.jpg 0
../lfw/Ekke_Hard_Forberg/Ekke_Hard_Forberg_0001.jpg ../lfw/Cole_Chapman/Cole_Chapman_0001.jpg 0
../lfw/Pierce_Brosnan/Pierce_Brosnan_0002.jpg ../lfw/Pierce_Brosnan/Pierce_Brosnan_0013.jpg 1
../lfw/George_W_Bush/George_W_Bush_0530.jpg ../lfw/Jennifer_Capriati/Jennifer_Capriati_0023.jpg 0
../lfw/Howard_Dean/Howard_Dean_0005.jpg ../lfw/Howard_Dean/Howard_Dean_0007.jpg 1
../lfw/Charlton_Heston/Charlton_Heston_0005.jpg ../lfw/Larry_Lucchino/Larry_Lucchino_0002.jpg 0
../lfw/Aicha_El_Ouafi/Aicha_El_Ouafi_0002.jpg ../lfw/James_Collinson/James_Collinson_0001.jpg 0
../lfw/Vin_Diesel/Vin_Diesel_0002.jpg ../lfw/Vin_Diesel/Vin_Diesel_0002.jpg 1
../lfw/Gary_Doer/Gary_Doer_0003.jpg ../lfw/Gary_Doer/Gary_Doer_0003.jpg 1
../lfw/Ion_Tiriac/Ion_Tiriac_0001.jpg ../lfw/Ion_Tiriac/Ion_Tiriac_0001.jpg 1
../lfw/Blythe_Danner/Blythe_Danner_0001.jpg ../lfw/Sourav_Ganguly/Sourav_Ganguly_0004.jpg 0
../lfw/Prince_Edward/Prince_Edward_0001.jpg ../lfw/Prince_Edward/Prince_Edward_0002.jpg 1
../lfw/Britney_Spears/Britney_Spears_0004.jpg ../lfw/Britney_Spears/Britney_Spears_0003.jpg 1
../lfw/David_Nalbandian/David_Nalbandian_0004.jpg ../lfw/Rosario_Dawson/Rosario_Dawson_0001.jpg 0
../lfw/Rachel_Leigh_Cook/Rachel_Leigh_Cook_0001.jpg ../lfw/Sergey_Lavrov/Sergey_Lavrov_0006.jpg 0
../lfw/Brook_Robinson/Brook_Robinson_0001.jpg ../lfw/Brook_Robinson/Brook_Robinson_0001.jpg 1
../lfw/Kelly_Leigh/Kelly_Leigh_0001.jpg ../lfw/Joseph_Ralston/Joseph_Ralston_0002.jpg 0
../lfw/Faye_Dunaway/Faye_Dunaway_0003.jpg ../lfw/Faye_Dunaway/Faye_Dunaway_0003.jpg 1
../lfw/Norah_Jones/Norah_Jones_0012.jpg ../lfw/Romario_Farias/Romario_Farias_0001.jpg 0
../lfw/Tim_Henman/Tim_Henman_0009.jpg ../lfw/Tim_Henman/Tim_Henman_0010.jpg 1
../lfw/Naji_Sabri/Naji_Sabri_0007.jpg ../lfw/Hashan_Tillakaratne/Hashan_Tillakaratne_0001.jpg 0
../lfw/Joe_Crede/Joe_Crede_0001.jpg ../lfw/Arnold_Schwarzenegger/Arnold_Schwarzenegger_0016.jpg 0
../lfw/Colin_Powell/Colin_Powell_0141.jpg ../lfw/George_W_Bush/George_W_Bush_0410.jpg 0
../lfw/John_Salazar/John_Salazar_0001.jpg ../lfw/John_Salazar/John_Salazar_0001.jpg 1
../lfw/George_W_Bush/George_W_Bush_0484.jpg ../lfw/Ariel_Sharon/Ariel_Sharon_0054.jpg 0
../lfw/David_Westerfield/David_Westerfield_0001.jpg ../lfw/Mary-Kate_Olsen/Mary-Kate_Olsen_0002.jpg 0
../lfw/Steven_Hatfill/Steven_Hatfill_0001.jpg ../lfw/Salman_Khan/Salman_Khan_0001.jpg 0
../lfw/Patricia_Hearst/Patricia_Hearst_0001.jpg ../lfw/David_Beckham/David_Beckham_0003.jpg 0
../lfw/John_McCain/John_McCain_0001.jpg ../lfw/Max_Biaggi/Max_Biaggi_0001.jpg 0
../lfw/Francois_Botha/Francois_Botha_0001.jpg ../lfw/George_HW_Bush/George_HW_Bush_0010.jpg 0
../lfw/David_Trimble/David_Trimble_0001.jpg ../lfw/David_Trimble/David_Trimble_0003.jpg 1
../lfw/Nathan_Smith/Nathan_Smith_0001.jpg ../lfw/Nathan_Smith/Nathan_Smith_0001.jpg 1
../lfw/Megawati_Sukarnoputri/Megawati_Sukarnoputri_0031.jpg ../lfw/Megawati_Sukarnoputri/Megawati_Sukarnoputri_0031.jpg 1
../lfw/Jack_Nicholson/Jack_Nicholson_0003.jpg ../lfw/Jack_Nicholson/Jack_Nicholson_0003.jpg 1
../lfw/Ray_Romano/Ray_Romano_0002.jpg ../lfw/Bill_Clinton/Bill_Clinton_0021.jpg 0
../lfw/Sue_Grafton/Sue_Grafton_0001.jpg ../lfw/Sue_Grafton/Sue_Grafton_0001.jpg 1
../lfw/Alvaro_Silva_Calderon/Alvaro_Silva_Calderon_0001.jpg ../lfw/Ariel_Sharon/Ariel_Sharon_0049.jpg 0
../lfw/Rob_Lowe/Rob_Lowe_0002.jpg ../lfw/Rob_Lowe/Rob_Lowe_0003.jpg 1
../lfw/Edward_Lohn/Edward_Lohn_0001.jpg ../lfw/Edward_Lohn/Edward_Lohn_0001.jpg 1
../lfw/Greg_Owen/Greg_Owen_0002.jpg ../lfw/Lloyd_Ward/Lloyd_Ward_0002.jpg 0
../lfw/John_Paul_II/John_Paul_II_0007.jpg ../lfw/John_Paul_II/John_Paul_II_0004.jpg 1
../lfw/Luiz_Inacio_Lula_da_Silva/Luiz_Inacio_Lula_da_Silva_0041.jpg ../lfw/Naomi_Watts/Naomi_Watts_0007.jpg 0
../lfw/Colin_Powell/Colin_Powell_0093.jpg ../lfw/George_W_Bush/George_W_Bush_0345.jpg 0
../lfw/Jennifer_Lopez/Jennifer_Lopez_0008.jpg ../lfw/Don_Nickles/Don_Nickles_0002.jpg 0
../lfw/Gerhard_Schroeder/Gerhard_Schroeder_0040.jpg ../lfw/Gerhard_Schroeder/Gerhard_Schroeder_0020.jpg 1
../lfw/Atal_Bihari_Vajpayee/Atal_Bihari_Vajpayee_0005.jpg ../lfw/Atal_Bihari_Vajpayee/Atal_Bihari_Vajpayee_0019.jpg 1
../lfw/Hugo_Chavez/Hugo_Chavez_0069.jpg ../lfw/Sadie_Frost/Sadie_Frost_0003.jpg 0
../lfw/Franco_Cangele/Franco_Cangele_0001.jpg ../lfw/James_Layug/James_Layug_0001.jpg 0
../lfw/John_Wolf/John_Wolf_0001.jpg ../lfw/Pierce_Brosnan/Pierce_Brosnan_0007.jpg 0
../lfw/David_Glenn/David_Glenn_0001.jpg ../lfw/David_Glenn/David_Glenn_0001.jpg 1
../lfw/Franco_Cangele/Franco_Cangele_0001.jpg ../lfw/Franco_Cangele/Franco_Cangele_0001.jpg 1
../lfw/Colin_Montgomerie/Colin_Montgomerie_0005.jpg ../lfw/Robert_Zoellick/Robert_Zoellick_0002.jpg 0
../lfw/Carlos_Moya/Carlos_Moya_0016.jpg ../lfw/Fernando_Gonzalez/Fernando_Gonzalez_0005.jpg 0
../lfw/David_Trimble/David_Trimble_0003.jpg ../lfw/Rick_Santorum/Rick_Santorum_0002.jpg 0
../lfw/Vanessa_Redgrave/Vanessa_Redgrave_0003.jpg ../lfw/Vanessa_Redgrave/Vanessa_Redgrave_0003.jpg 1
../lfw/Charlotte_Rampling/Charlotte_Rampling_0001.jpg ../lfw/Zach_Safrin/Zach_Safrin_0001.jpg 0
../lfw/Mahmoud_Abbas/Mahmoud_Abbas_0012.jpg ../lfw/Sonia_Gandhi/Sonia_Gandhi_0001.jpg 0
../lfw/Alex_Sink/Alex_Sink_0001.jpg ../lfw/Alex_Sink/Alex_Sink_0001.jpg 1
../lfw/Lynne_Slepian/Lynne_Slepian_0001.jpg ../lfw/Lynne_Slepian/Lynne_Slepian_0001.jpg 1
../lfw/Aileen_Riggin_Soule/Aileen_Riggin_Soule_0001.jpg ../lfw/Reyyan_Uzuner/Reyyan_Uzuner_0001.jpg 0
../lfw/George_W_Bush/George_W_Bush_0529.jpg ../lfw/George_W_Bush/George_W_Bush_0276.jpg 1
../lfw/Nicole_Kidman/Nicole_Kidman_0015.jpg ../lfw/Colin_Powell/Colin_Powell_0097.jpg 0
../lfw/Joschka_Fischer/Joschka_Fischer_0017.jpg ../lfw/Bill_Clinton/Bill_Clinton_0015.jpg 0
../lfw/Rita_Wilson/Rita_Wilson_0004.jpg ../lfw/Rita_Wilson/Rita_Wilson_0004.jpg 1
../lfw/Adam_Freier/Adam_Freier_0001.jpg ../lfw/Adam_Freier/Adam_Freier_0001.jpg 1
../lfw/Jacques_Chirac/Jacques_Chirac_0008.jpg ../lfw/Jacques_Chirac/Jacques_Chirac_0002.jpg 1
../lfw/Jonathan_Horton/Jonathan_Horton_0001.jpg ../lfw/Tommy_Haas/Tommy_Haas_0001.jpg 0
../lfw/Andre_Agassi/Andre_Agassi_0018.jpg ../lfw/Jacques_Chirac/Jacques_Chirac_0031.jpg 0
../lfw/Mayumi_Moriyama/Mayumi_Moriyama_0001.jpg ../lfw/Kevin_Tarrant/Kevin_Tarrant_0001.jpg 0
../lfw/Igor_Ivanov/Igor_Ivanov_0014.jpg ../lfw/Silvio_Berlusconi/Silvio_Berlusconi_0029.jpg 0
../lfw/Donald_Rumsfeld/Donald_Rumsfeld_0028.jpg ../lfw/Donald_Rumsfeld/Donald_Rumsfeld_0036.jpg 1
../lfw/George_W_Bush/George_W_Bush_0291.jpg ../lfw/Peter_Mansbridge/Peter_Mansbridge_0001.jpg 0
../lfw/Colin_Powell/Colin_Powell_0117.jpg ../lfw/Colin_Powell/Colin_Powell_0143.jpg 1
../lfw/Jennifer_Lopez/Jennifer_Lopez_0013.jpg ../lfw/Geraldine_Chaplin/Geraldine_Chaplin_0001.jpg 0
../lfw/Tony_Blair/Tony_Blair_0138.jpg ../lfw/Donald_Rumsfeld/Donald_Rumsfeld_0083.jpg 0
../lfw/Billy_Crystal/Billy_Crystal_0006.jpg ../lfw/Calista_Flockhart/Calista_Flockhart_0001.jpg 0
../lfw/Tommy_Robredo/Tommy_Robredo_0002.jpg ../lfw/Tommy_Robredo/Tommy_Robredo_0001.jpg 1
../lfw/Costas_Simitis/Costas_Simitis_0002.jpg ../lfw/Mike_Martz/Mike_Martz_0005.jpg 0
../lfw/Gloria_Macapagal_Arroyo/Gloria_Macapagal_Arroyo_0001.jpg ../lfw/Gloria_Macapagal_Arroyo/Gloria_Macapagal_Arroyo_0027.jpg 1
../lfw/Carmen_Electra/Carmen_Electra_0001.jpg ../lfw/Carmen_Electra/Carmen_Electra_0001.jpg 1
../lfw/George_W_Bush/George_W_Bush_0169.jpg ../lfw/George_W_Bush/George_W_Bush_0472.jpg 1
../lfw/George_W_Bush/George_W_Bush_0408.jpg ../lfw/George_W_Bush/George_W_Bush_0063.jpg 1
../lfw/Venus_Williams/Venus_Williams_0012.jpg ../lfw/Venus_Williams/Venus_Williams_0012.jpg 1
../lfw/Kathy_Winters/Kathy_Winters_0002.jpg ../lfw/Kathy_Winters/Kathy_Winters_0002.jpg 1
../lfw/Bernard_Landry/Bernard_Landry_0002.jpg ../lfw/Bernard_Landry/Bernard_Landry_0002.jpg 1
../lfw/Tom_Jones/Tom_Jones_0001.jpg ../lfw/George_Papandreou/George_Papandreou_0002.jpg 0
../lfw/Jennifer_Thompson/Jennifer_Thompson_0001.jpg ../lfw/Madge_Overhouse/Madge_Overhouse_0001.jpg 0
../lfw/Kelvin_Sampson/Kelvin_Sampson_0002.jpg ../lfw/Bryan_Chui/Bryan_Chui_0001.jpg 0
../lfw/Mahmoud_Abbas/Mahmoud_Abbas_0012.jpg ../lfw/Toshi_Izawa/Toshi_Izawa_0001.jpg 0
../lfw/Wan_Yanhai/Wan_Yanhai_0001.jpg ../lfw/Naomi_Watts/Naomi_Watts_0019.jpg 0
../lfw/Brandon_Fails/Brandon_Fails_0001.jpg ../lfw/Sarah_Jessica_Parker/Sarah_Jessica_Parker_0001.jpg 0
../lfw/Raja_Zafar-ul-Haq/Raja_Zafar-ul-Haq_0001.jpg ../lfw/Bill_Frist/Bill_Frist_0009.jpg 0
../lfw/Carlo_Azeglio_Ciampi/Carlo_Azeglio_Ciampi_0001.jpg ../lfw/Carlo_Azeglio_Ciampi/Carlo_Azeglio_Ciampi_0001.jpg 1
../lfw/Branko_Crvenkovski/Branko_Crvenkovski_0002.jpg ../lfw/Richard_Krajicek/Richard_Krajicek_0003.jpg 0
../lfw/Alejandro_Toledo/Alejandro_Toledo_0002.jpg ../lfw/Alejandro_Toledo/Alejandro_Toledo_0026.jpg 1
../lfw/Susan_Sarandon/Susan_Sarandon_0001.jpg ../lfw/Susan_Sarandon/Susan_Sarandon_0001.jpg 1
../lfw/Ali_Ahmeti/Ali_Ahmeti_0001.jpg ../lfw/Ali_Ahmeti/Ali_Ahmeti_0001.jpg 1
../lfw/Brian_Cowen/Brian_Cowen_0002.jpg ../lfw/Brian_Cowen/Brian_Cowen_0002.jpg 1
../lfw/Jean_Chretien/Jean_Chretien_0042.jpg ../lfw/Satnarine_Sharma/Satnarine_Sharma_0001.jpg 0
../lfw/Hayley_Tullett/Hayley_Tullett_0001.jpg ../lfw/Darrell_Dickey/Darrell_Dickey_0001.jpg 0
../lfw/Gil_de_Ferran/Gil_de_Ferran_0005.jpg ../lfw/Gil_de_Ferran/Gil_de_Ferran_0005.jpg 1
../lfw/Tommy_Thompson/Tommy_Thompson_0010.jpg ../lfw/Win_Aung/Win_Aung_0001.jpg 0
../lfw/George_W_Bush/George_W_Bush_0383.jpg ../lfw/George_W_Bush/George_W_Bush_0127.jpg 1
../lfw/Jackie_Chan/Jackie_Chan_0007.jpg ../lfw/Jaime_Pressly/Jaime_Pressly_0001.jpg 0
../lfw/Jason_Statham/Jason_Statham_0001.jpg ../lfw/Jason_Statham/Jason_Statham_0001.jpg 1
../lfw/Caroline_Dhavernas/Caroline_Dhavernas_0001.jpg ../lfw/Jeremy_Greenstock/Jeremy_Greenstock_0023.jpg 0
../lfw/JC_Chasez/JC_Chasez_0001.jpg ../lfw/Tommy_Robredo/Tommy_Robredo_0001.jpg 0
../lfw/Alejandro_Toledo/Alejandro_Toledo_0026.jpg ../lfw/George_W_Bush/George_W_Bush_0164.jpg 0
../lfw/Michael_Ballack/Michael_Ballack_0003.jpg ../lfw/Michael_Ballack/Michael_Ballack_0003.jpg 1
../lfw/Elsa_Zylberstein/Elsa_Zylberstein_0005.jpg ../lfw/Tony_Blair/Tony_Blair_0030.jpg 0
../lfw/Atal_Bihari_Vajpayee/Atal_Bihari_Vajpayee_0018.jpg ../lfw/Tom_Ridge/Tom_Ridge_0005.jpg 0
../lfw/Julia_Tymoshenko/Julia_Tymoshenko_0002.jpg ../lfw/Julia_Tymoshenko/Julia_Tymoshenko_0002.jpg 1
../lfw/Eduard_Limonov/Eduard_Limonov_0001.jpg ../lfw/Roseanne_Barr/Roseanne_Barr_0003.jpg 0
../lfw/Franco_Dragone/Franco_Dragone_0002.jpg ../lfw/Jacques_Chirac/Jacques_Chirac_0006.jpg 0
../lfw/Peter_Gabriel/Peter_Gabriel_0001.jpg ../lfw/Colin_Powell/Colin_Powell_0184.jpg 0
../lfw/Valery_Giscard_dEstaing/Valery_Giscard_dEstaing_0006.jpg ../lfw/George_Gregan/George_Gregan_0001.jpg 0
../lfw/Joseph_Ganim/Joseph_Ganim_0001.jpg ../lfw/Andre_Agassi/Andre_Agassi_0015.jpg 0
../lfw/Peter_Costello/Peter_Costello_0001.jpg ../lfw/Vladimir_Putin/Vladimir_Putin_0002.jpg 0
../lfw/Uthai_Pimchaichon/Uthai_Pimchaichon_0001.jpg ../lfw/Uthai_Pimchaichon/Uthai_Pimchaichon_0001.jpg 1
../lfw/John_Lynch/John_Lynch_0001.jpg ../lfw/John_Lynch/John_Lynch_0001.jpg 1
../lfw/Santiago_Botero/Santiago_Botero_0001.jpg ../lfw/Santiago_Botero/Santiago_Botero_0001.jpg 1
../lfw/Mikulas_Dzurinda/Mikulas_Dzurinda_0001.jpg ../lfw/Mikulas_Dzurinda/Mikulas_Dzurinda_0001.jpg 1
../lfw/David_Kelley/David_Kelley_0002.jpg ../lfw/Jacques_Chirac/Jacques_Chirac_0008.jpg 0
../lfw/Eric_Fehr/Eric_Fehr_0001.jpg ../lfw/Scott_Sullivan/Scott_Sullivan_0001.jpg 0
../lfw/Aaron_Peirsol/Aaron_Peirsol_0004.jpg ../lfw/Aaron_Peirsol/Aaron_Peirsol_0004.jpg 1
../lfw/Jacques_Chirac/Jacques_Chirac_0015.jpg ../lfw/Geraldine_Chaplin/Geraldine_Chaplin_0004.jpg 0
../lfw/Mohammed_Baqir_al-Hakim/Mohammed_Baqir_al-Hakim_0003.jpg ../lfw/Mohammed_Baqir_al-Hakim/Mohammed_Baqir_al-Hakim_0003.jpg 1
../lfw/Haydar_Aliyev/Haydar_Aliyev_0001.jpg ../lfw/Wolfgang_Schneiderhan/Wolfgang_Schneiderhan_0001.jpg 0
../lfw/Luke_Walton/Luke_Walton_0001.jpg ../lfw/Luke_Walton/Luke_Walton_0001.jpg 1
../lfw/Jim_Doyle/Jim_Doyle_0001.jpg ../lfw/Paul_Newman/Paul_Newman_0001.jpg 0
../lfw/Serena_Williams/Serena_Williams_0031.jpg ../lfw/Serena_Williams/Serena_Williams_0006.jpg 1
../lfw/Pierre_Gagnon/Pierre_Gagnon_0001.jpg ../lfw/Gonzalo_Sanchez_de_Lozada/Gonzalo_Sanchez_de_Lozada_0007.jpg 0
../lfw/Wan_Yanhai/Wan_Yanhai_0001.jpg ../lfw/Wan_Yanhai/Wan_Yanhai_0001.jpg 1
../lfw/Marcelo_Ebrard/Marcelo_Ebrard_0001.jpg ../lfw/Chandrika_Kumaratunga/Chandrika_Kumaratunga_0001.jpg 0
../lfw/Michael_McNeely/Michael_McNeely_0001.jpg ../lfw/Michael_McNeely/Michael_McNeely_0001.jpg 1
../lfw/Wilbert_Elki_Meza_Majino/Wilbert_Elki_Meza_Majino_0001.jpg ../lfw/Paul_Kariya/Paul_Kariya_0001.jpg 0
../lfw/Joseph_Ganim/Joseph_Ganim_0001.jpg ../lfw/Paul_McCartney/Paul_McCartney_0001.jpg 0
../lfw/Alisha_Richman/Alisha_Richman_0001.jpg ../lfw/Michael_Ballack/Michael_Ballack_0001.jpg 0
../lfw/Shaun_Pollock/Shaun_Pollock_0001.jpg ../lfw/Kevin_Spacey/Kevin_Spacey_0002.jpg 0
../lfw/Rudolph_Giuliani/Rudolph_Giuliani_0010.jpg ../lfw/Rudolph_Giuliani/Rudolph_Giuliani_0021.jpg 1
../lfw/John_Howard/John_Howard_0010.jpg ../lfw/John_Howard/John_Howard_0010.jpg 1
../lfw/Jennifer_Aniston/Jennifer_Aniston_0020.jpg ../lfw/Al_Leiter/Al_Leiter_0001.jpg 0
../lfw/Condoleezza_Rice/Condoleezza_Rice_0009.jpg ../lfw/Condoleezza_Rice/Condoleezza_Rice_0009.jpg 1
../lfw/Malcolm_Jamal_Warner/Malcolm_Jamal_Warner_0001.jpg ../lfw/Malcolm_Jamal_Warner/Malcolm_Jamal_Warner_0001.jpg 1
../lfw/Jean_Chretien/Jean_Chretien_0038.jpg ../lfw/Jean_Chretien/Jean_Chretien_0038.jpg 1
../lfw/John_Bolton/John_Bolton_0001.jpg ../lfw/John_Bolton/John_Bolton_0017.jpg 1
../lfw/Tony_Blair/Tony_Blair_0083.jpg ../lfw/Tony_Blair/Tony_Blair_0009.jpg 1
../lfw/Gen_Meredith/Gen_Meredith_0001.jpg ../lfw/Gray_Davis/Gray_Davis_0013.jpg 0
../lfw/Dawna_LoPiccolo/Dawna_LoPiccolo_0001.jpg ../lfw/Dawna_LoPiccolo/Dawna_LoPiccolo_0001.jpg 1
../lfw/Jonathan_Horton/Jonathan_Horton_0001.jpg ../lfw/Brian_Heidik/Brian_Heidik_0001.jpg 0
../lfw/Hugo_Chavez/Hugo_Chavez_0020.jpg ../lfw/Sheila_Copps/Sheila_Copps_0004.jpg 0
../lfw/Atal_Bihari_Vajpayee/Atal_Bihari_Vajpayee_0022.jpg ../lfw/Vaclav_Havel/Vaclav_Havel_0001.jpg 0
../lfw/Frank_Stallone/Frank_Stallone_0002.jpg ../lfw/Frank_Stallone/Frank_Stallone_0002.jpg 1
../lfw/Dianne_Feinstein/Dianne_Feinstein_0003.jpg ../lfw/Dianne_Feinstein/Dianne_Feinstein_0001.jpg 1
../lfw/George_Ryan/George_Ryan_0001.jpg ../lfw/Tippi_Hedren/Tippi_Hedren_0002.jpg 0
../lfw/Joschka_Fischer/Joschka_Fischer_0017.jpg ../lfw/Bronson_Arroyo/Bronson_Arroyo_0001.jpg 0
../lfw/Juan_Jose_Lucas/Juan_Jose_Lucas_0001.jpg ../lfw/Larry_Eustachy/Larry_Eustachy_0001.jpg 0
../lfw/Christine_Todd_Whitman/Christine_Todd_Whitman_0004.jpg ../lfw/Jeff_Feldman/Jeff_Feldman_0001.jpg 0
../lfw/Phillipe_Comtois/Phillipe_Comtois_0001.jpg ../lfw/Phillipe_Comtois/Phillipe_Comtois_0001.jpg 1
../lfw/Martin_Verkerk/Martin_Verkerk_0001.jpg ../lfw/Martin_Verkerk/Martin_Verkerk_0001.jpg 1
../lfw/Colin_Jackson/Colin_Jackson_0001.jpg ../lfw/Colin_Jackson/Colin_Jackson_0002.jpg 1
../lfw/Nicanor_Duarte_Frutos/Nicanor_Duarte_Frutos_0009.jpg ../lfw/Nicanor_Duarte_Frutos/Nicanor_Duarte_Frutos_0009.jpg 1
../lfw/Marion_Barry/Marion_Barry_0001.jpg ../lfw/Dalai_Lama/Dalai_Lama_0002.jpg 0
../lfw/Gerhard_Schroeder/Gerhard_Schroeder_0054.jpg ../lfw/Yoon_Young-kwan/Yoon_Young-kwan_0001.jpg 0
../lfw/Michelle_Kwan/Michelle_Kwan_0007.jpg ../lfw/Richard_Krajicek/Richard_Krajicek_0001.jpg 0
../lfw/Denzel_Washington/Denzel_Washington_0001.jpg ../lfw/Denzel_Washington/Denzel_Washington_0001.jpg 1
../lfw/Jacques_Chirac/Jacques_Chirac_0043.jpg ../lfw/John_Lynch/John_Lynch_0001.jpg 0
../lfw/Tommy_Franks/Tommy_Franks_0010.jpg ../lfw/Tony_Blair/Tony_Blair_0009.jpg 0
../lfw/Colin_Jackson/Colin_Jackson_0001.jpg ../lfw/Fernando_Gonzalez/Fernando_Gonzalez_0005.jpg 0
../lfw/Nikki_McKibbin/Nikki_McKibbin_0001.jpg ../lfw/Nikki_McKibbin/Nikki_McKibbin_0001.jpg 1
../lfw/Jane_Walker_Wood/Jane_Walker_Wood_0001.jpg ../lfw/Hugo_Chavez/Hugo_Chavez_0020.jpg 0
../lfw/Caroline_Dhavernas/Caroline_Dhavernas_0001.jpg ../lfw/Caroline_Dhavernas/Caroline_Dhavernas_0001.jpg 1
../lfw/Robert_Beck/Robert_Beck_0001.jpg ../lfw/Robert_Beck/Robert_Beck_0001.jpg 1
../lfw/Jonathan_Woodgate/Jonathan_Woodgate_0001.jpg ../lfw/Jonathan_Woodgate/Jonathan_Woodgate_0001.jpg 1
../lfw/Fernando_Hierro/Fernando_Hierro_0001.jpg ../lfw/Fernando_Hierro/Fernando_Hierro_0001.jpg 1
../lfw/Mariah_Carey/Mariah_Carey_0003.jpg ../lfw/Francisco_Flores/Francisco_Flores_0001.jpg 0
../lfw/Julie_Gerberding/Julie_Gerberding_0015.jpg ../lfw/Carlos_Menem/Carlos_Menem_0011.jpg 0
../lfw/Michelle_Yeoh/Michelle_Yeoh_0002.jpg ../lfw/Richard_Crenna/Richard_Crenna_0002.jpg 0
../lfw/Phan_Van_Khai/Phan_Van_Khai_0002.jpg ../lfw/Phan_Van_Khai/Phan_Van_Khai_0002.jpg 1
../lfw/Jacques_Rogge/Jacques_Rogge_0007.jpg ../lfw/Peter_Harrison/Peter_Harrison_0001.jpg 0
../lfw/Nicanor_Duarte_Frutos/Nicanor_Duarte_Frutos_0009.jpg ../lfw/Michel_Therrien/Michel_Therrien_0002.jpg 0
../lfw/Madonna/Madonna_0003.jpg ../lfw/Madonna/Madonna_0005.jpg 1
../lfw/Christian_Patino/Christian_Patino_0001.jpg ../lfw/Christian_Patino/Christian_Patino_0001.jpg 1