Julianne_Moore/Julianne_Moore_0006.jpg Julianne_Moore/Julianne_Moore_0006.jpg Bing_Crosby/Bing_Crosby_0001.jpg
Colin_Powell/Colin_Powell_0013.jpg Colin_Powell/Colin_Powell_0218.jpg Saddam_Hussein/Saddam_Hussein_0017.jpg
Tom_Brady/Tom_Brady_0001.jpg Tom_Brady/Tom_Brady_0001.jpg Robert_Blackwill/Robert_Blackwill_0001.jpg
Elena_Bovina/Elena_Bovina_0002.jpg Elena_Bovina/Elena_Bovina_0002.jpg Pervez_Musharraf/Pervez_Musharraf_0002.jpg
Rolf_Zimmermann/Rolf_Zimmermann_0001.jpg Rolf_Zimmermann/Rolf_Zimmermann_0001.jpg Martin_Cauchon/Martin_Cauchon_0002.jpg
Angelina_Jolie/Angelina_Jolie_0020.jpg Angelina_Jolie/Angelina_Jolie_0010.jpg David_Nalbandian/David_Nalbandian_0009.jpg
Rebekah_Chantay_Revels/Rebekah_Chantay_Revels_0003.jpg Rebekah_Chantay_Revels/Rebekah_Chantay_Revels_0003.jpg Gray_Davis/Gray_Davis_0021.jpg
Jorge_Marquez-Ruarte/Jorge_Marquez-Ruarte_0001.jpg Jorge_Marquez-Ruarte/Jorge_Marquez-Ruarte_0001.jpg Isabel_Orellana/Isabel_Orellana_0001.jpg
Yu_Shyi-kun/Yu_Shyi-kun_0003.jpg Yu_Shyi-kun/Yu_Shyi-kun_0003.jpg Jacques_Chirac/Jacques_Chirac_0004.jpg
John_Taylor/John_Taylor_0002.jpg John_Taylor/John_Taylor_0002.jpg Michael_Shane_Jolly/Michael_Shane_Jolly_0001.jpg
Yoko_Ono/Yoko_Ono_0001.jpg Yoko_Ono/Yoko_Ono_0001.jpg Maria_Shriver/Maria_Shriver_0008.jpg
Amy_Redford/Amy_Redford_0001.jpg Amy_Redford/Amy_Redford_0001.jpg Amelie_Mauresmo/Amelie_Mauresmo_0009.jpg
Donald_Anderson/Donald_Anderson_0001.jpg Donald_Anderson/Donald_Anderson_0001.jpg Patti_Labelle/Patti_Labelle_0002.jpg
Norah_Jones/Norah_Jones_0015.jpg Norah_Jones/Norah_Jones_0002.jpg JC_Chasez/JC_Chasez_0001.jpg
Fayssal_Mekdad/Fayssal_Mekdad_0002.jpg Fayssal_Mekdad/Fayssal_Mekdad_0002.jpg Charlton_Heston/Charlton_Heston_0006.jpg
Carolyn_Dawn_Johnson/Carolyn_Dawn_Johnson_0002.jpg Carolyn_Dawn_Johnson/Carolyn_Dawn_Johnson_0002.jpg Gong_Li/Gong_Li_0001.jpg
Miguel_Angel_Rodriguez/Miguel_Angel_Rodriguez_0001.jpg Miguel_Angel_Rodriguez/Miguel_Angel_Rodriguez_0001.jpg Michael_Schumacher/Michael_Schumacher_0013.jpg
Vladimir_Putin/Vladimir_Putin_0012.jpg Vladimir_Putin/Vladimir_Putin_0004.jpg Amelia_Vega/Amelia_Vega_0004.jpg
Bulent_Ecevit/Bulent_Ecevit_0006.jpg Bulent_Ecevit/Bulent_Ecevit_0003.jpg John_Ashcroft/John_Ashcroft_0042.jpg
Vicente_Fox/Vicente_Fox_0015.jpg Vicente_Fox/Vicente_Fox_0015.jpg Hugo_Chavez/Hugo_Chavez_0052.jpg
David_Beckham/David_Beckham_0020.jpg David_Beckham/David_Beckham_0020.jpg Glen_DaSilva/Glen_DaSilva_0001.jpg
Alberto_Ruiz_Gallardon/Alberto_Ruiz_Gallardon_0001.jpg Alberto_Ruiz_Gallardon/Alberto_Ruiz_Gallardon_0001.jpg Terry_Stotts/Terry_Stotts_0001.jpg
Michael_Chang/Michael_Chang_0001.jpg Michael_Chang/Michael_Chang_0001.jpg Jorge_Marquez-Ruarte/Jorge_Marquez-Ruarte_0001.jpg
Basdeo_Panday/Basdeo_Panday_0001.jpg Basdeo_Panday/Basdeo_Panday_0001.jpg Daniel_Radcliffe/Daniel_Radcliffe_0002.jpg
Saddam_Hussein/Saddam_Hussein_0019.jpg Saddam_Hussein/Saddam_Hussein_0019.jpg Monique_Garbrecht-Enfeldt/Monique_Garbrecht-Enfeldt_0002.jpg
Rob_Lowe/Rob_Lowe_0002.jpg Rob_Lowe/Rob_Lowe_0003.jpg Brendan_Stai/Brendan_Stai_0001.jpg
Fernando_Henrique_Cardoso/Fernando_Henrique_Cardoso_0003.jpg Fernando_Henrique_Cardoso/Fernando_Henrique_Cardoso_0001.jpg Carlos_Menem/Carlos_Menem_0009.jpg
Zach_Safrin/Zach_Safrin_0001.jpg Zach_Safrin/Zach_Safrin_0001.jpg Martina_McBride/Martina_McBride_0001.jpg
Pedro_Almodovar/Pedro_Almodovar_0007.jpg Pedro_Almodovar/Pedro_Almodovar_0002.jpg Leon_Lai/Leon_Lai_0001.jpg
Tim_Robbins/Tim_Robbins_0003.jpg Tim_Robbins/Tim_Robbins_0003.jpg Luiz_Inacio_Lula_da_Silva/Luiz_Inacio_Lula_da_Silva_0019.jpg
Dick_Clark/Dick_Clark_0002.jpg Dick_Clark/Dick_Clark_0002.jpg Renato_Soru/Renato_Soru_0001.jpg
Recep_Tayyip_Erdogan/Recep_Tayyip_Erdogan_0001.jpg Recep_Tayyip_Erdogan/Recep_Tayyip_Erdogan_0015.jpg Cedric_Benson/Cedric_Benson_0001.jpg
JC_Chasez/JC_Chasez_0001.jpg JC_Chasez/JC_Chasez_0001.jpg Dominique_de_Villepin/Dominique_de_Villepin_0002.jpg
Veronica_Lake/Veronica_Lake_0001.jpg Veronica_Lake/Veronica_Lake_0001.jpg Colin_Powell/Colin_Powell_0059.jpg
Colin_Powell/Colin_Powell_0067.jpg Colin_Powell/Colin_Powell_0041.jpg Richard_Armitage/Richard_Armitage_0008.jpg
James_Blake/James_Blake_0012.jpg James_Blake/James_Blake_0011.jpg Marlene_Weingartner/Marlene_Weingartner_0002.jpg
John_Bolton/John_Bolton_0015.jpg John_Bolton/John_Bolton_0002.jpg Gene_Hackman/Gene_Hackman_0001.jpg
Dick_Clark/Dick_Clark_0003.jpg Dick_Clark/Dick_Clark_0002.jpg Jackie_Chan/Jackie_Chan_0008.jpg
Bruce_Springsteen/Bruce_Springsteen_0002.jpg Bruce_Springsteen/Bruce_Springsteen_0002.jpg Paul_Newman/Paul_Newman_0001.jpg
Miguel_Angel_Rodriguez/Miguel_Angel_Rodriguez_0001.jpg Miguel_Angel_Rodriguez/Miguel_Angel_Rodriguez_0001.jpg Michael_Chiklis/Michael_Chiklis_0001.jpg
Svetlana_Koroleva/Svetlana_Koroleva_0002.jpg Svetlana_Koroleva/Svetlana_Koroleva_0002.jpg Bill_McBride/Bill_McBride_0005.jpg
Dale_Earnhardt_Jr/Dale_Earnhardt_Jr_0004.jpg Dale_Earnhardt_Jr/Dale_Earnhardt_Jr_0004.jpg Woody_Allen/Woody_Allen_0004.jpg
Ariel_Sharon/Ariel_Sharon_0056.jpg Ariel_Sharon/Ariel_Sharon_0007.jpg John_Negroponte/John_Negroponte_0018.jpg
George_Clooney/George_Clooney_0007.jpg George_Clooney/George_Clooney_0007.jpg George_W_Bush/George_W_Bush_0171.jpg
Rena_Sofer/Rena_Sofer_0001.jpg Rena_Sofer/Rena_Sofer_0001.jpg Matt_Damon/Matt_Damon_0001.jpg
Jose_Carreras/Jose_Carreras_0001.jpg Jose_Carreras/Jose_Carreras_0001.jpg Steven_Spielberg/Steven_Spielberg_0001.jpg
Edmund_Stoiber/Edmund_Stoiber_0002.jpg Edmund_Stoiber/Edmund_Stoiber_0002.jpg Annette_Bening/Annette_Bening_0002.jpg
Andy_Madikians/Andy_Madikians_0001.jpg Andy_Madikians/Andy_Madikians_0001.jpg David_Leahy/David_Leahy_0002.jpg
Tony_Blair/Tony_Blair_0055.jpg Tony_Blair/Tony_Blair_0101.jpg George_W_Bush/George_W_Bush_0009.jpg
Jennifer_Garner/Jennifer_Garner_0012.jpg Jennifer_Garner/Jennifer_Garner_0005.jpg George_W_Bush/George_W_Bush_0388.jpg
Bill_OReilly/Bill_OReilly_0001.jpg Bill_OReilly/Bill_OReilly_0001.jpg Colin_Powell/Colin_Powell_0041.jpg
Martin_Burnham/Martin_Burnham_0001.jpg Martin_Burnham/Martin_Burnham_0001.jpg Jennifer_Tilly/Jennifer_Tilly_0001.jpg
Junichiro_Koizumi/Junichiro_Koizumi_0008.jpg Junichiro_Koizumi/Junichiro_Koizumi_0046.jpg Hootie_Johnson/Hootie_Johnson_0002.jpg
Gracia_Burnham/Gracia_Burnham_0001.jpg Gracia_Burnham/Gracia_Burnham_0001.jpg William_Swor/William_Swor_0001.jpg
Li_Zhaoxing/Li_Zhaoxing_0005.jpg Li_Zhaoxing/Li_Zhaoxing_0005.jpg Martha_Stewart/Martha_Stewart_0001.jpg
George_W_Bush/George_W_Bush_0529.jpg George_W_Bush/George_W_Bush_0397.jpg Martha_Stewart/Martha_Stewart_0005.jpg
Barbara_Walters/Barbara_Walters_0002.jpg Barbara_Walters/Barbara_Walters_0002.jpg Martin_Frost/Martin_Frost_0001.jpg
Prince_Willem-Alexander/Prince_Willem-Alexander_0001.jpg Prince_Willem-Alexander/Prince_Willem-Alexander_0001.jpg Nicolas_Lapentti/Nicolas_Lapentti_0001.jpg
Karol_Kucera/Karol_Kucera_0001.jpg Karol_Kucera/Karol_Kucera_0001.jpg Vaclav_Havel/Vaclav_Havel_0002.jpg
Charles_Moose/Charles_Moose_0005.jpg Charles_Moose/Charles_Moose_0005.jpg James_Hill/James_Hill_0001.jpg
Carlos_Menem/Carlos_Menem_0010.jpg Carlos_Menem/Carlos_Menem_0010.jpg Tom_Brady/Tom_Brady_0001.jpg
Hun_Sen/Hun_Sen_0003.jpg Hun_Sen/Hun_Sen_0003.jpg Hans_Blix/Hans_Blix_0037.jpg
Jimmy_Carter/Jimmy_Carter_0005.jpg Jimmy_Carter/Jimmy_Carter_0005.jpg Atal_Bihari_Vajpayee/Atal_Bihari_Vajpayee_0016.jpg
John_Kerry/John_Kerry_0012.jpg John_Kerry/John_Kerry_0012.jpg Enrique_Oliu/Enrique_Oliu_0001.jpg
John_Ashcroft/John_Ashcroft_0012.jpg John_Ashcroft/John_Ashcroft_0045.jpg Colin_Powell/Colin_Powell_0092.jpg
Richard_Myers/Richard_Myers_0002.jpg Richard_Myers/Richard_Myers_0002.jpg John_Ashcroft/John_Ashcroft_0005.jpg
Winona_Ryder/Winona_Ryder_0004.jpg Winona_Ryder/Winona_Ryder_0012.jpg Jose_Maria_Aznar/Jose_Maria_Aznar_0003.jpg
Goldie_Hawn/Goldie_Hawn_0005.jpg Goldie_Hawn/Goldie_Hawn_0005.jpg William_Donaldson/William_Donaldson_0005.jpg
Robert_De_Niro/Robert_De_Niro_0005.jpg Robert_De_Niro/Robert_De_Niro_0005.jpg Nur_Jaafar/Nur_Jaafar_0001.jpg
Howard_Schultz/Howard_Schultz_0002.jpg Howard_Schultz/Howard_Schultz_0002.jpg Stephen_Ambrose/Stephen_Ambrose_0001.jpg
Biljana_Plavsic/Biljana_Plavsic_0001.jpg Biljana_Plavsic/Biljana_Plavsic_0001.jpg Elvis_Presley/Elvis_Presley_0002.jpg
Lee_Soo-hyuck/Lee_Soo-hyuck_0002.jpg Lee_Soo-hyuck/Lee_Soo-hyuck_0002.jpg Lance_Armstrong/Lance_Armstrong_0006.jpg
Blythe_Hartley/Blythe_Hartley_0001.jpg Blythe_Hartley/Blythe_Hartley_0001.jpg Donald_Rumsfeld/Donald_Rumsfeld_0039.jpg
Jennifer_Capriati/Jennifer_Capriati_0001.jpg Jennifer_Capriati/Jennifer_Capriati_0005.jpg Jan_Ullrich/Jan_Ullrich_0002.jpg
Laura_Bush/Laura_Bush_0033.jpg Laura_Bush/Laura_Bush_0037.jpg Abel_Pacheco/Abel_Pacheco_0004.jpg
Vladimir_Putin/Vladimir_Putin_0012.jpg Vladimir_Putin/Vladimir_Putin_0041.jpg Colin_Powell/Colin_Powell_0028.jpg
George_W_Bush/George_W_Bush_0275.jpg George_W_Bush/George_W_Bush_0459.jpg Serena_Williams/Serena_Williams_0030.jpg
Jim_Leach/Jim_Leach_0001.jpg Jim_Leach/Jim_Leach_0001.jpg Jason_Mewes/Jason_Mewes_0001.jpg
Jacques_Chirac/Jacques_Chirac_0004.jpg Jacques_Chirac/Jacques_Chirac_0023.jpg Erin_Hershey_Presley/Erin_Hershey_Presley_0001.jpg
Amelia_Vega/Amelia_Vega_0006.jpg Amelia_Vega/Amelia_Vega_0004.jpg Erika_Harold/Erika_Harold_0003.jpg
William_Hochul/William_Hochul_0001.jpg William_Hochul/William_Hochul_0001.jpg Pascal_Quignard/Pascal_Quignard_0001.jpg
Ari_Fleischer/Ari_Fleischer_0008.jpg Ari_Fleischer/Ari_Fleischer_0008.jpg Serena_Williams/Serena_Williams_0019.jpg
Jean_Charest/Jean_Charest_0008.jpg Jean_Charest/Jean_Charest_0015.jpg Gloria_Macapagal_Arroyo/Gloria_Macapagal_Arroyo_0028.jpg
Tony_Blair/Tony_Blair_0060.jpg Tony_Blair/Tony_Blair_0020.jpg Vitali_Klitschko/Vitali_Klitschko_0003.jpg
Ai_Sugiyama/Ai_Sugiyama_0003.jpg Ai_Sugiyama/Ai_Sugiyama_0003.jpg Jose_Carreras/Jose_Carreras_0001.jpg
Trent_Lott/Trent_Lott_0010.jpg Trent_Lott/Trent_Lott_0002.jpg Brandon_Webb/Brandon_Webb_0001.jpg
Catherine_Deneuve/Catherine_Deneuve_0004.jpg Catherine_Deneuve/Catherine_Deneuve_0004.jpg Donald_Rumsfeld/Donald_Rumsfeld_0006.jpg
Tomoko_Hagiwara/Tomoko_Hagiwara_0001.jpg Tomoko_Hagiwara/Tomoko_Hagiwara_0001.jpg David_Hannay/David_Hannay_0001.jpg
Roh_Moo-hyun/Roh_Moo-hyun_0011.jpg Roh_Moo-hyun/Roh_Moo-hyun_0002.jpg Rick_Pitino/Rick_Pitino_0003.jpg
Nadia_Petrova/Nadia_Petrova_0004.jpg Nadia_Petrova/Nadia_Petrova_0004.jpg George_W_Bush/George_W_Bush_0502.jpg
Adam_Kennedy/Adam_Kennedy_0001.jpg Adam_Kennedy/Adam_Kennedy_0001.jpg Ian_Thorpe/Ian_Thorpe_0010.jpg
Jose_Serra/Jose_Serra_0003.jpg Jose_Serra/Jose_Serra_0003.jpg Rudolph_Giuliani/Rudolph_Giuliani_0004.jpg
Nicholas_Tse/Nicholas_Tse_0001.jpg Nicholas_Tse/Nicholas_Tse_0001.jpg Jennifer_Lopez/Jennifer_Lopez_0007.jpg
George_W_Bush/George_W_Bush_0152.jpg George_W_Bush/George_W_Bush_0188.jpg Anna_Kournikova/Anna_Kournikova_0012.jpg
Dinora_Rosales/Dinora_Rosales_0001.jpg Dinora_Rosales/Dinora_Rosales_0001.jpg Barry_Zito/Barry_Zito_0001.jpg
Adam_Mair/Adam_Mair_0001.jpg Adam_Mair/Adam_Mair_0001.jpg Tian_Liang/Tian_Liang_0001.jpg
Robert_Horan/Robert_Horan_0002.jpg Robert_Horan/Robert_Horan_0002.jpg Joschka_Fischer/Joschka_Fischer_0017.jpg
Jean-Rene_Fourtou/Jean-Rene_Fourtou_0001.jpg Jean-Rene_Fourtou/Jean-Rene_Fourtou_0001.jpg Amelie_Mauresmo/Amelie_Mauresmo_0003.jpg
John_Ashcroft/John_Ashcroft_0004.jpg John_Ashcroft/John_Ashcroft_0008.jpg Sherry_Fisher/Sherry_Fisher_0001.jpg
Tim_Jones/Tim_Jones_0001.jpg Tim_Jones/Tim_Jones_0001.jpg Raja_Qureshi/Raja_Qureshi_0001.jpg
Ray_Price/Ray_Price_0001.jpg Ray_Price/Ray_Price_0001.jpg Gerhard_Schroeder/Gerhard_Schroeder_0083.jpg
Sepp_Blatter/Sepp_Blatter_0004.jpg Sepp_Blatter/Sepp_Blatter_0001.jpg Elijah_Wood/Elijah_Wood_0003.jpg
Vladimir_Putin/Vladimir_Putin_0012.jpg Vladimir_Putin/Vladimir_Putin_0032.jpg Wen_Jiabao/Wen_Jiabao_0010.jpg
Kim_Clijsters/Kim_Clijsters_0004.jpg Kim_Clijsters/Kim_Clijsters_0001.jpg Robert_Horan/Robert_Horan_0002.jpg
Jeff_Van_Gundy/Jeff_Van_Gundy_0001.jpg Jeff_Van_Gundy/Jeff_Van_Gundy_0001.jpg John_Eder/John_Eder_0001.jpg
John_Garamendi/John_Garamendi_0002.jpg John_Garamendi/John_Garamendi_0001.jpg Jennifer_Capriati/Jennifer_Capriati_0030.jpg
Benazir_Bhutto/Benazir_Bhutto_0005.jpg Benazir_Bhutto/Benazir_Bhutto_0005.jpg Chita_Rivera/Chita_Rivera_0002.jpg
Ariel_Sharon/Ariel_Sharon_0037.jpg Ariel_Sharon/Ariel_Sharon_0077.jpg Carlos_Menem/Carlos_Menem_0009.jpg
Uzi_Even/Uzi_Even_0001.jpg Uzi_Even/Uzi_Even_0001.jpg Larry_Thompson/Larry_Thompson_0001.jpg
Vince_Gill/Vince_Gill_0001.jpg Vince_Gill/Vince_Gill_0001.jpg George_W_Bush/George_W_Bush_0137.jpg
Robin_Wagner/Robin_Wagner_0001.jpg Robin_Wagner/Robin_Wagner_0001.jpg Jo_Dee_Messina/Jo_Dee_Messina_0001.jpg
Hugo_Chavez/Hugo_Chavez_0031.jpg Hugo_Chavez/Hugo_Chavez_0053.jpg Muhammad_Ali/Muhammad_Ali_0001.jpg
Colin_Powell/Colin_Powell_0074.jpg Colin_Powell/Colin_Powell_0057.jpg Gary_Carter/Gary_Carter_0003.jpg
Tony_Blair/Tony_Blair_0055.jpg Tony_Blair/Tony_Blair_0106.jpg Vicente_Fox/Vicente_Fox_0020.jpg
Rena_Sofer/Rena_Sofer_0001.jpg Rena_Sofer/Rena_Sofer_0001.jpg Katie_Holmes/Katie_Holmes_0001.jpg
George_W_Bush/George_W_Bush_0284.jpg George_W_Bush/George_W_Bush_0032.jpg Barrett_Jackman/Barrett_Jackman_0002.jpg
Recep_Tayyip_Erdogan/Recep_Tayyip_Erdogan_0019.jpg Recep_Tayyip_Erdogan/Recep_Tayyip_Erdogan_0019.jpg Bill_McBride/Bill_McBride_0010.jpg
Hugo_Chavez/Hugo_Chavez_0052.jpg Hugo_Chavez/Hugo_Chavez_0028.jpg Colin_Powell/Colin_Powell_0232.jpg
Raja_Qureshi/Raja_Qureshi_0001.jpg Raja_Qureshi/Raja_Qureshi_0001.jpg Ian_McKellen/Ian_McKellen_0001.jpg
Paul_Lockhart/Paul_Lockhart_0001.jpg Paul_Lockhart/Paul_Lockhart_0001.jpg Dick_Clark/Dick_Clark_0003.jpg
Al_Gore/Al_Gore_0005.jpg Al_Gore/Al_Gore_0005.jpg Rick_Pitino/Rick_Pitino_0001.jpg
Queen_Elizabeth_II/Queen_Elizabeth_II_0002.jpg Queen_Elizabeth_II/Queen_Elizabeth_II_0002.jpg Biljana_Plavsic/Biljana_Plavsic_0001.jpg
Rick_Dinse/Rick_Dinse_0001.jpg Rick_Dinse/Rick_Dinse_0001.jpg Rodney_Rempt/Rodney_Rempt_0001.jpg
George_W_Bush/George_W_Bush_0006.jpg George_W_Bush/George_W_Bush_0162.jpg Mohamed_ElBaradei/Mohamed_ElBaradei_0008.jpg
Kim_Ryong-sung/Kim_Ryong-sung_0003.jpg Kim_Ryong-sung/Kim_Ryong-sung_0010.jpg Dominique_de_Villepin/Dominique_de_Villepin_0009.jpg
Wendy_Kennedy/Wendy_Kennedy_0001.jpg Wendy_Kennedy/Wendy_Kennedy_0001.jpg Carlos_Moya/Carlos_Moya_0001.jpg
Marc_Grossman/Marc_Grossman_0002.jpg Marc_Grossman/Marc_Grossman_0002.jpg TJ_Ford/TJ_Ford_0001.jpg
Kalid_Kaid/Kalid_Kaid_0001.jpg Kalid_Kaid/Kalid_Kaid_0001.jpg George_W_Bush/George_W_Bush_0085.jpg
John_Bolton/John_Bolton_0006.jpg John_Bolton/John_Bolton_0005.jpg Gwendal_Peizerat/Gwendal_Peizerat_0003.jpg
Gerhard_Schroeder/Gerhard_Schroeder_0067.jpg Gerhard_Schroeder/Gerhard_Schroeder_0067.jpg Timothy_Wirth/Timothy_Wirth_0001.jpg
Igor_Ivanov/Igor_Ivanov_0004.jpg Igor_Ivanov/Igor_Ivanov_0018.jpg Robert_Blackwill/Robert_Blackwill_0001.jpg
George_W_Bush/George_W_Bush_0392.jpg George_W_Bush/George_W_Bush_0301.jpg Andrew_Jarecki/Andrew_Jarecki_0001.jpg
Jennifer_Aniston/Jennifer_Aniston_0008.jpg Jennifer_Aniston/Jennifer_Aniston_0019.jpg Colin_Powell/Colin_Powell_0006.jpg
Bruce_Springsteen/Bruce_Springsteen_0002.jpg Bruce_Springsteen/Bruce_Springsteen_0002.jpg Jennifer_Connelly/Jennifer_Connelly_0001.jpg
Serena_Williams/Serena_Williams_0004.jpg Serena_Williams/Serena_Williams_0051.jpg Tony_Blair/Tony_Blair_0071.jpg
Michael_Bloomberg/Michael_Bloomberg_0006.jpg Michael_Bloomberg/Michael_Bloomberg_0006.jpg Himmler_Rebu/Himmler_Rebu_0001.jpg
Jim_Tressel/Jim_Tressel_0003.jpg Jim_Tressel/Jim_Tressel_0003.jpg Arnold_Schwarzenegger/Arnold_Schwarzenegger_0013.jpg
Jacques_Chirac/Jacques_Chirac_0004.jpg Jacques_Chirac/Jacques_Chirac_0004.jpg Juanes/Juanes_0002.jpg
Colin_Powell/Colin_Powell_0223.jpg Colin_Powell/Colin_Powell_0041.jpg Woody_Allen/Woody_Allen_0005.jpg
Dick_Cheney/Dick_Cheney_0011.jpg Dick_Cheney/Dick_Cheney_0011.jpg Daniel_Radcliffe/Daniel_Radcliffe_0004.jpg
Perry_Gibbs/Perry_Gibbs_0001.jpg Perry_Gibbs/Perry_Gibbs_0001.jpg Michael_Kors/Michael_Kors_0001.jpg
Eduardo_Duhalde/Eduardo_Duhalde_0011.jpg Eduardo_Duhalde/Eduardo_Duhalde_0009.jpg James_Caan/James_Caan_0001.jpg
Dominique_de_Villepin/Dominique_de_Villepin_0003.jpg Dominique_de_Villepin/Dominique_de_Villepin_0007.jpg Ron_Gonzales/Ron_Gonzales_0001.jpg
William_Ford_Jr/William_Ford_Jr_0004.jpg William_Ford_Jr/William_Ford_Jr_0001.jpg Jeremy_Greenstock/Jeremy_Greenstock_0002.jpg
George_W_Bush/George_W_Bush_0244.jpg George_W_Bush/George_W_Bush_0201.jpg Gerhard_Schroeder/Gerhard_Schroeder_0026.jpg
Ellen_Martin/Ellen_Martin_0001.jpg Ellen_Martin/Ellen_Martin_0001.jpg David_Caruso/David_Caruso_0002.jpg
Roberto_Benigni/Roberto_Benigni_0002.jpg Roberto_Benigni/Roberto_Benigni_0002.jpg Jalen_Rose/Jalen_Rose_0001.jpg
Lindsay_Davenport/Lindsay_Davenport_0020.jpg Lindsay_Davenport/Lindsay_Davenport_0012.jpg Carlos_Menem/Carlos_Menem_0009.jpg
Roberto_Cavalli/Roberto_Cavalli_0001.jpg Roberto_Cavalli/Roberto_Cavalli_0001.jpg Colin_Powell/Colin_Powell_0172.jpg
Tony_Blair/Tony_Blair_0041.jpg Tony_Blair/Tony_Blair_0005.jpg Oscar_De_La_Hoya/Oscar_De_La_Hoya_0002.jpg
Junichiro_Koizumi/Junichiro_Koizumi_0038.jpg Junichiro_Koizumi/Junichiro_Koizumi_0028.jpg Richie_Adubato/Richie_Adubato_0002.jpg
Kim_Dae-jung/Kim_Dae-jung_0004.jpg Kim_Dae-jung/Kim_Dae-jung_0004.jpg Romano_Prodi/Romano_Prodi_0005.jpg
Paula_Locke/Paula_Locke_0001.jpg Paula_Locke/Paula_Locke_0001.jpg Jim_Furyk/Jim_Furyk_0004.jpg
William_Bulger/William_Bulger_0002.jpg William_Bulger/William_Bulger_0001.jpg Megawati_Sukarnoputri/Megawati_Sukarnoputri_0027.jpg
Sharon_Stone/Sharon_Stone_0002.jpg Sharon_Stone/Sharon_Stone_0002.jpg Charlie_Coles/Charlie_Coles_0001.jpg
Elliott_Mincberg/Elliott_Mincberg_0001.jpg Elliott_Mincberg/Elliott_Mincberg_0001.jpg Tom_Ridge/Tom_Ridge_0008.jpg
Dave_McNealey/Dave_McNealey_0001.jpg Dave_McNealey/Dave_McNealey_0001.jpg Tippi_Hedren/Tippi_Hedren_0002.jpg
Ron_Dittemore/Ron_Dittemore_0001.jpg Ron_Dittemore/Ron_Dittemore_0006.jpg Robert_Downey_Jr/Robert_Downey_Jr_0001.jpg
Jennifer_Connelly/Jennifer_Connelly_0003.jpg Jennifer_Connelly/Jennifer_Connelly_0002.jpg Donald_Rumsfeld/Donald_Rumsfeld_0049.jpg
Geno_Auriemma/Geno_Auriemma_0002.jpg Geno_Auriemma/Geno_Auriemma_0002.jpg Jean-Pierre_Raffarin/Jean-Pierre_Raffarin_0005.jpg
Jennifer_Capriati/Jennifer_Capriati_0013.jpg Jennifer_Capriati/Jennifer_Capriati_0001.jpg Colin_Powell/Colin_Powell_0067.jpg
Justine_Pasek/Justine_Pasek_0006.jpg Justine_Pasek/Justine_Pasek_0001.jpg Mohamed_ElBaradei/Mohamed_ElBaradei_0008.jpg
Oxana_Fedorova/Oxana_Fedorova_0002.jpg Oxana_Fedorova/Oxana_Fedorova_0002.jpg Dean_Barkley/Dean_Barkley_0001.jpg
Nestor_Kirchner/Nestor_Kirchner_0017.jpg Nestor_Kirchner/Nestor_Kirchner_0030.jpg Amelie_Mauresmo/Amelie_Mauresmo_0018.jpg
Juan_Carlos_Ferrero/Juan_Carlos_Ferrero_0002.jpg Juan_Carlos_Ferrero/Juan_Carlos_Ferrero_0002.jpg Nick_Cassavetes/Nick_Cassavetes_0001.jpg
Richard_Butler/Richard_Butler_0002.jpg Richard_Butler/Richard_Butler_0001.jpg Robert_Duvall/Robert_Duvall_0002.jpg
Jason_Kapono/Jason_Kapono_0001.jpg Jason_Kapono/Jason_Kapono_0001.jpg Jeffrey_Pfeffer/Jeffrey_Pfeffer_0001.jpg
Martin_Bandier/Martin_Bandier_0001.jpg Martin_Bandier/Martin_Bandier_0001.jpg Svetlana_Koroleva/Svetlana_Koroleva_0002.jpg
Junichiro_Koizumi/Junichiro_Koizumi_0028.jpg Junichiro_Koizumi/Junichiro_Koizumi_0009.jpg Jerry_Springer/Jerry_Springer_0001.jpg
Sepp_Blatter/Sepp_Blatter_0004.jpg Sepp_Blatter/Sepp_Blatter_0001.jpg Alejandro_Toledo/Alejandro_Toledo_0037.jpg
Ariel_Sharon/Ariel_Sharon_0077.jpg Ariel_Sharon/Ariel_Sharon_0010.jpg James_Dingemans/James_Dingemans_0001.jpg
Amelie_Mauresmo/Amelie_Mauresmo_0003.jpg Amelie_Mauresmo/Amelie_Mauresmo_0009.jpg Colin_Powell/Colin_Powell_0095.jpg
Charles_Pouty/Charles_Pouty_0001.jpg Charles_Pouty/Charles_Pouty_0001.jpg Richard_Greenberg/Richard_Greenberg_0001.jpg
Scott_OGrady/Scott_OGrady_0001.jpg Scott_OGrady/Scott_OGrady_0001.jpg Dominique_de_Villepin/Dominique_de_Villepin_0003.jpg
Jason_Kidd/Jason_Kidd_0005.jpg Jason_Kidd/Jason_Kidd_0005.jpg Alejandro_Toledo/Alejandro_Toledo_0020.jpg
Tino_Martinez/Tino_Martinez_0001.jpg Tino_Martinez/Tino_Martinez_0001.jpg Colin_Powell/Colin_Powell_0159.jpg
Tommy_Franks/Tommy_Franks_0008.jpg Tommy_Franks/Tommy_Franks_0015.jpg Scott_Dalton/Scott_Dalton_0001.jpg
Jeffrey_Pfeffer/Jeffrey_Pfeffer_0001.jpg Jeffrey_Pfeffer/Jeffrey_Pfeffer_0001.jpg Julie_Gerberding/Julie_Gerberding_0007.jpg
Recep_Tayyip_Erdogan/Recep_Tayyip_Erdogan_0004.jpg Recep_Tayyip_Erdogan/Recep_Tayyip_Erdogan_0015.jpg Darcy_Regier/Darcy_Regier_0001.jpg
Richard_Pennington/Richard_Pennington_0001.jpg Richard_Pennington/Richard_Pennington_0001.jpg Karen_Sharpe_Kramer/Karen_Sharpe_Kramer_0001.jpg
Joel_Todd/Joel_Todd_0001.jpg Joel_Todd/Joel_Todd_0001.jpg Chang_Saio-yue/Chang_Saio-yue_0001.jpg
Jean-Rene_Fourtou/Jean-Rene_Fourtou_0001.jpg Jean-Rene_Fourtou/Jean-Rene_Fourtou_0001.jpg Anton_Balasingham/Anton_Balasingham_0001.jpg
Angela_Bassett/Angela_Bassett_0002.jpg Angela_Bassett/Angela_Bassett_0006.jpg Alecos_Markides/Alecos_Markides_0001.jpg
Ariel_Sharon/Ariel_Sharon_0014.jpg Ariel_Sharon/Ariel_Sharon_0028.jpg Jaouad_Gharib/Jaouad_Gharib_0001.jpg
Lleyton_Hewitt/Lleyton_Hewitt_0028.jpg Lleyton_Hewitt/Lleyton_Hewitt_0013.jpg Donald_Rumsfeld/Donald_Rumsfeld_0051.jpg
Jan_Ullrich/Jan_Ullrich_0002.jpg Jan_Ullrich/Jan_Ullrich_0002.jpg Rob_Lowe/Rob_Lowe_0002.jpg
Helio_Rubens_Garcia/Helio_Rubens_Garcia_0001.jpg Helio_Rubens_Garcia/Helio_Rubens_Garcia_0001.jpg Alanis_Morissette/Alanis_Morissette_0001.jpg
Hernan_Crespo/Hernan_Crespo_0001.jpg Hernan_Crespo/Hernan_Crespo_0001.jpg John_Stallworth/John_Stallworth_0001.jpg
Missy_Crider/Missy_Crider_0001.jpg Missy_Crider/Missy_Crider_0001.jpg John_Salazar/John_Salazar_0001.jpg
Brad_Russ/Brad_Russ_0001.jpg Brad_Russ/Brad_Russ_0001.jpg Robert_Bonner/Robert_Bonner_0002.jpg
Junichiro_Koizumi/Junichiro_Koizumi_0038.jpg Junichiro_Koizumi/Junichiro_Koizumi_0008.jpg Colin_Powell/Colin_Powell_0032.jpg
Derian_Hatcher/Derian_Hatcher_0001.jpg Derian_Hatcher/Derian_Hatcher_0001.jpg Peter_Rasch/Peter_Rasch_0001.jpg
Kelli_White/Kelli_White_0002.jpg Kelli_White/Kelli_White_0002.jpg Jerry_Rice/Jerry_Rice_0001.jpg
Michael_Keaton/Michael_Keaton_0002.jpg Michael_Keaton/Michael_Keaton_0002.jpg Emma_Thompson/Emma_Thompson_0002.jpg
Bill_Gates/Bill_Gates_0006.jpg Bill_Gates/Bill_Gates_0010.jpg Michael_Schumacher/Michael_Schumacher_0016.jpg
Anton_Balasingham/Anton_Balasingham_0001.jpg Anton_Balasingham/Anton_Balasingham_0001.jpg Kim_Dae-jung/Kim_Dae-jung_0001.jpg
Mohammad_Khatami/Mohammad_Khatami_0008.jpg Mohammad_Khatami/Mohammad_Khatami_0008.jpg Walt_Harris/Walt_Harris_0001.jpg
Javier_Solana/Javier_Solana_0007.jpg Javier_Solana/Javier_Solana_0007.jpg Tina_Fey/Tina_Fey_0001.jpg
Michael_Schumacher/Michael_Schumacher_0013.jpg Michael_Schumacher/Michael_Schumacher_0013.jpg Jon_Gruden/Jon_Gruden_0002.jpg
Sananda_Maitreya/Sananda_Maitreya_0001.jpg Sananda_Maitreya/Sananda_Maitreya_0001.jpg Robert_Gallo/Robert_Gallo_0001.jpg
Mark_Shapiro/Mark_Shapiro_0001.jpg Mark_Shapiro/Mark_Shapiro_0001.jpg Madonna/Madonna_0001.jpg
Manuel_Rosendo/Manuel_Rosendo_0001.jpg Manuel_Rosendo/Manuel_Rosendo_0001.jpg Arminio_Fraga/Arminio_Fraga_0005.jpg
Jorge_Batlle/Jorge_Batlle_0001.jpg Jorge_Batlle/Jorge_Batlle_0002.jpg Trent_Lott/Trent_Lott_0010.jpg
Carlos_Menem/Carlos_Menem_0021.jpg Carlos_Menem/Carlos_Menem_0020.jpg Jacqueline_Marris/Jacqueline_Marris_0001.jpg
Adam_Mair/Adam_Mair_0001.jpg Adam_Mair/Adam_Mair_0001.jpg Matthew_Broderick/Matthew_Broderick_0002.jpg
Priscilla_Presley/Priscilla_Presley_0001.jpg Priscilla_Presley/Priscilla_Presley_0001.jpg Michael_Bolton/Michael_Bolton_0001.jpg
Thomas_Birmingham/Thomas_Birmingham_0002.jpg Thomas_Birmingham/Thomas_Birmingham_0002.jpg Ethan_Hawke/Ethan_Hawke_0001.jpg
John_Sweeney/John_Sweeney_0001.jpg John_Sweeney/John_Sweeney_0001.jpg Kofi_Annan/Kofi_Annan_0009.jpg
Amy_Redford/Amy_Redford_0001.jpg Amy_Redford/Amy_Redford_0001.jpg Jean_Chretien/Jean_Chretien_0009.jpg
Lleyton_Hewitt/Lleyton_Hewitt_0009.jpg Lleyton_Hewitt/Lleyton_Hewitt_0009.jpg Norah_Jones/Norah_Jones_0009.jpg
Gerhard_Schroeder/Gerhard_Schroeder_0004.jpg Gerhard_Schroeder/Gerhard_Schroeder_0067.jpg Martin_Kristof/Martin_Kristof_0001.jpg
Andre_Agassi/Andre_Agassi_0033.jpg Andre_Agassi/Andre_Agassi_0027.jpg Chang_Saio-yue/Chang_Saio-yue_0001.jpg
Michael_McNeely/Michael_McNeely_0001.jpg Michael_McNeely/Michael_McNeely_0001.jpg Andy_Roddick/Andy_Roddick_0009.jpg
Mother_Teresa/Mother_Teresa_0001.jpg Mother_Teresa/Mother_Teresa_0001.jpg Nestor_Kirchner/Nestor_Kirchner_0028.jpg
Tang_Jiaxuan/Tang_Jiaxuan_0002.jpg Tang_Jiaxuan/Tang_Jiaxuan_0006.jpg Mikhail_Kalashnikov/Mikhail_Kalashnikov_0001.jpg
Monica_Seles/Monica_Seles_0005.jpg Monica_Seles/Monica_Seles_0003.jpg Tom_Hanks/Tom_Hanks_0001.jpg
Igor_Ivanov/Igor_Ivanov_0006.jpg Igor_Ivanov/Igor_Ivanov_0018.jpg Hootie_Johnson/Hootie_Johnson_0002.jpg
Gerhard_Schroeder/Gerhard_Schroeder_0043.jpg Gerhard_Schroeder/Gerhard_Schroeder_0091.jpg Ana_Guevara/Ana_Guevara_0001.jpg
Gerhard_Schroeder/Gerhard_Schroeder_0028.jpg Gerhard_Schroeder/Gerhard_Schroeder_0003.jpg Jonathan_Mostow/Jonathan_Mostow_0002.jpg
Albert_Costa/Albert_Costa_0006.jpg Albert_Costa/Albert_Costa_0006.jpg Sarah_Hughes/Sarah_Hughes_0004.jpg
Donald_Rumsfeld/Donald_Rumsfeld_0081.jpg Donald_Rumsfeld/Donald_Rumsfeld_0023.jpg Cate_Blanchett/Cate_Blanchett_0004.jpg
Jiang_Zemin/Jiang_Zemin_0007.jpg Jiang_Zemin/Jiang_Zemin_0005.jpg John_Burnett/John_Burnett_0001.jpg
Junichiro_Koizumi/Junichiro_Koizumi_0008.jpg Junichiro_Koizumi/Junichiro_Koizumi_0051.jpg George_W_Bush/George_W_Bush_0244.jpg
Rudolph_Giuliani/Rudolph_Giuliani_0010.jpg Rudolph_Giuliani/Rudolph_Giuliani_0010.jpg Salma_Hayek/Salma_Hayek_0010.jpg
Atal_Bihari_Vajpayee/Atal_Bihari_Vajpayee_0014.jpg Atal_Bihari_Vajpayee/Atal_Bihari_Vajpayee_0022.jpg Gonzalo_Barrientos/Gonzalo_Barrientos_0001.jpg
Spencer_Abraham/Spencer_Abraham_0009.jpg Spencer_Abraham/Spencer_Abraham_0015.jpg Gerhard_Schroeder/Gerhard_Schroeder_0046.jpg
Michael_Kors/Michael_Kors_0001.jpg Michael_Kors/Michael_Kors_0001.jpg Priscilla_Presley/Priscilla_Presley_0001.jpg
Erika_Harold/Erika_Harold_0003.jpg Erika_Harold/Erika_Harold_0003.jpg Michael_Lopez-Alegria/Michael_Lopez-Alegria_0001.jpg
George_W_Bush/George_W_Bush_0358.jpg George_W_Bush/George_W_Bush_0442.jpg Cate_Blanchett/Cate_Blanchett_0004.jpg
Donald_Rumsfeld/Donald_Rumsfeld_0006.jpg Donald_Rumsfeld/Donald_Rumsfeld_0064.jpg Colin_Powell/Colin_Powell_0218.jpg
George_W_Bush/George_W_Bush_0358.jpg George_W_Bush/George_W_Bush_0327.jpg Juan_Pablo_Montoya/Juan_Pablo_Montoya_0001.jpg
Roberto_Robaina/Roberto_Robaina_0001.jpg Roberto_Robaina/Roberto_Robaina_0001.jpg George_W_Bush/George_W_Bush_0385.jpg
Guillermo_Coria/Guillermo_Coria_0021.jpg Guillermo_Coria/Guillermo_Coria_0010.jpg Michael_Schumacher/Michael_Schumacher_0001.jpg
Jorge_Batlle/Jorge_Batlle_0002.jpg Jorge_Batlle/Jorge_Batlle_0001.jpg Abdulaziz_Kamilov/Abdulaziz_Kamilov_0001.jpg
Don_Siegelman/Don_Siegelman_0001.jpg Don_Siegelman/Don_Siegelman_0001.jpg Sepp_Blatter/Sepp_Blatter_0004.jpg
Thierry_Falise/Thierry_Falise_0002.jpg Thierry_Falise/Thierry_Falise_0002.jpg Tony_Stewart/Tony_Stewart_0001.jpg
Angie_Arzola/Angie_Arzola_0001.jpg Angie_Arzola/Angie_Arzola_0001.jpg Sebastian_Cuattrin/Sebastian_Cuattrin_0001.jpg
Henry_Castellanos/Henry_Castellanos_0001.jpg Henry_Castellanos/Henry_Castellanos_0001.jpg Kathleen_Abernathy/Kathleen_Abernathy_0001.jpg
Juan_Ignacio_Chela/Juan_Ignacio_Chela_0003.jpg Juan_Ignacio_Chela/Juan_Ignacio_Chela_0003.jpg Lon_Kruger/Lon_Kruger_0002.jpg
Tom_Cruise/Tom_Cruise_0002.jpg Tom_Cruise/Tom_Cruise_0001.jpg George_HW_Bush/George_HW_Bush_0012.jpg
Ariel_Sharon/Ariel_Sharon_0055.jpg Ariel_Sharon/Ariel_Sharon_0056.jpg Jacques_Chirac/Jacques_Chirac_0023.jpg
Scott_Blum/Scott_Blum_0001.jpg Scott_Blum/Scott_Blum_0001.jpg Fidel_Castro/Fidel_Castro_0012.jpg
Li_Zhaoxing/Li_Zhaoxing_0005.jpg Li_Zhaoxing/Li_Zhaoxing_0005.jpg Donald_Rumsfeld/Donald_Rumsfeld_0074.jpg
George_W_Bush/George_W_Bush_0244.jpg George_W_Bush/George_W_Bush_0245.jpg Dan_Reeves/Dan_Reeves_0001.jpg
Intisar_Ajouri/Intisar_Ajouri_0003.jpg Intisar_Ajouri/Intisar_Ajouri_0003.jpg Bob_Graham/Bob_Graham_0005.jpg
Yana_Klochkova/Yana_Klochkova_0001.jpg Yana_Klochkova/Yana_Klochkova_0001.jpg Isaiah_Washington/Isaiah_Washington_0002.jpg
Michael_Chiklis/Michael_Chiklis_0004.jpg Michael_Chiklis/Michael_Chiklis_0001.jpg Carlos_Mesa/Carlos_Mesa_0002.jpg
Dwayne_Johnson/Dwayne_Johnson_0001.jpg Dwayne_Johnson/Dwayne_Johnson_0002.jpg Jiang_Zemin/Jiang_Zemin_0014.jpg
Priscilla_Presley/Priscilla_Presley_0001.jpg Priscilla_Presley/Priscilla_Presley_0001.jpg Recep_Tayyip_Erdogan/Recep_Tayyip_Erdogan_0013.jpg
Jennifer_Capriati/Jennifer_Capriati_0001.jpg Jennifer_Capriati/Jennifer_Capriati_0030.jpg Mahathir_Mohamad/Mahathir_Mohamad_0003.jpg
Diana_Taurasi/Diana_Taurasi_0002.jpg Diana_Taurasi/Diana_Taurasi_0002.jpg Jennifer_Capriati/Jennifer_Capriati_0020.jpg
George_W_Bush/George_W_Bush_0265.jpg George_W_Bush/George_W_Bush_0301.jpg Richard_Krajicek/Richard_Krajicek_0003.jpg
George_W_Bush/George_W_Bush_0005.jpg George_W_Bush/George_W_Bush_0250.jpg Junichiro_Koizumi/Junichiro_Koizumi_0027.jpg
Amelia_Vega/Amelia_Vega_0006.jpg Amelia_Vega/Amelia_Vega_0004.jpg Ana_Palacio/Ana_Palacio_0005.jpg
Colin_Powell/Colin_Powell_0028.jpg Colin_Powell/Colin_Powell_0140.jpg Hugo_Chavez/Hugo_Chavez_0031.jpg
Bill_OReilly/Bill_OReilly_0001.jpg Bill_OReilly/Bill_OReilly_0001.jpg Saddam_Hussein/Saddam_Hussein_0011.jpg
Leon_Lai/Leon_Lai_0001.jpg Leon_Lai/Leon_Lai_0001.jpg Silvio_Berlusconi/Silvio_Berlusconi_0011.jpg
Leonid_Kuchma/Leonid_Kuchma_0005.jpg Leonid_Kuchma/Leonid_Kuchma_0003.jpg Tony_Bennett/Tony_Bennett_0001.jpg
James_Caan/James_Caan_0001.jpg James_Caan/James_Caan_0003.jpg Tino_Martinez/Tino_Martinez_0001.jpg
Aung_San_Suu_Kyi/Aung_San_Suu_Kyi_0002.jpg Aung_San_Suu_Kyi/Aung_San_Suu_Kyi_0002.jpg Steven_Seagal/Steven_Seagal_0002.jpg
George_W_Bush/George_W_Bush_0317.jpg George_W_Bush/George_W_Bush_0073.jpg Recep_Tayyip_Erdogan/Recep_Tayyip_Erdogan_0013.jpg
Frank_Murkowski/Frank_Murkowski_0001.jpg Frank_Murkowski/Frank_Murkowski_0001.jpg Amelie_Mauresmo/Amelie_Mauresmo_0018.jpg
Charles_Moose/Charles_Moose_0005.jpg Charles_Moose/Charles_Moose_0013.jpg Andrew_Wetzler/Andrew_Wetzler_0001.jpg
George_W_Bush/George_W_Bush_0199.jpg George_W_Bush/George_W_Bush_0123.jpg Masamori_Tokuyama/Masamori_Tokuyama_0001.jpg
Robert_Nardelli/Robert_Nardelli_0001.jpg Robert_Nardelli/Robert_Nardelli_0001.jpg Melvin_Talbert/Melvin_Talbert_0001.jpg
Mohammed_Al-Douri/Mohammed_Al-Douri_0013.jpg Mohammed_Al-Douri/Mohammed_Al-Douri_0005.jpg Ariel_Sharon/Ariel_Sharon_0056.jpg
David_Anderson/David_Anderson_0002.jpg David_Anderson/David_Anderson_0002.jpg Martin_Boryczewski/Martin_Boryczewski_0001.jpg
Mario_Kreutzberger/Mario_Kreutzberger_0002.jpg Mario_Kreutzberger/Mario_Kreutzberger_0002.jpg Jonathan_Fine/Jonathan_Fine_0001.jpg
Jake_Gyllenhaal/Jake_Gyllenhaal_0003.jpg Jake_Gyllenhaal/Jake_Gyllenhaal_0005.jpg Fidel_Castro/Fidel_Castro_0012.jpg
Donald_Rumsfeld/Donald_Rumsfeld_0007.jpg Donald_Rumsfeld/Donald_Rumsfeld_0049.jpg Victor_Hanescu/Victor_Hanescu_0001.jpg
Silvio_Berlusconi/Silvio_Berlusconi_0028.jpg Silvio_Berlusconi/Silvio_Berlusconi_0011.jpg Prince_Claus/Prince_Claus_0003.jpg
Andrew_Bernard/Andrew_Bernard_0001.jpg Andrew_Bernard/Andrew_Bernard_0001.jpg Gary_Winnick/Gary_Winnick_0002.jpg
Jean_Chretien/Jean_Chretien_0019.jpg Jean_Chretien/Jean_Chretien_0034.jpg Scott_OGrady/Scott_OGrady_0001.jpg
Michael_Bloomberg/Michael_Bloomberg_0007.jpg Michael_Bloomberg/Michael_Bloomberg_0007.jpg Nicanor_Duarte_Frutos/Nicanor_Duarte_Frutos_0003.jpg
Jean_Chretien/Jean_Chretien_0040.jpg Jean_Chretien/Jean_Chretien_0009.jpg Paul_Johnson/Paul_Johnson_0001.jpg
David_Beckham/David_Beckham_0002.jpg David_Beckham/David_Beckham_0002.jpg Kamal_Kharrazi/Kamal_Kharrazi_0005.jpg
James_McGreevey/James_McGreevey_0004.jpg James_McGreevey/James_McGreevey_0004.jpg Chuck_Amato/Chuck_Amato_0002.jpg
Amanda_Plumer/Amanda_Plumer_0001.jpg Amanda_Plumer/Amanda_Plumer_0001.jpg George_W_Bush/George_W_Bush_0442.jpg
James_Gibson/James_Gibson_0001.jpg James_Gibson/James_Gibson_0001.jpg Jackie_Chan/Jackie_Chan_0012.jpg
Yana_Klochkova/Yana_Klochkova_0001.jpg Yana_Klochkova/Yana_Klochkova_0001.jpg Mike_Szymanczyk/Mike_Szymanczyk_0001.jpg
Carlos_Salinas/Carlos_Salinas_0001.jpg Carlos_Salinas/Carlos_Salinas_0001.jpg Lyudmila_Putin/Lyudmila_Putin_0001.jpg
George_W_Bush/George_W_Bush_0003.jpg George_W_Bush/George_W_Bush_0188.jpg John_Eder/John_Eder_0001.jpg
Ron_Dittemore/Ron_Dittemore_0006.jpg Ron_Dittemore/Ron_Dittemore_0006.jpg Laura_Bush/Laura_Bush_0037.jpg
Jennifer_Capriati/Jennifer_Capriati_0005.jpg Jennifer_Capriati/Jennifer_Capriati_0013.jpg Nick_Cassavetes/Nick_Cassavetes_0001.jpg
Dimitri_Perricos/Dimitri_Perricos_0001.jpg Dimitri_Perricos/Dimitri_Perricos_0001.jpg Muhammad_Ali/Muhammad_Ali_0004.jpg
Recep_Tayyip_Erdogan/Recep_Tayyip_Erdogan_0015.jpg Recep_Tayyip_Erdogan/Recep_Tayyip_Erdogan_0004.jpg John_Kerry/John_Kerry_0014.jpg
Prince_William/Prince_William_0002.jpg Prince_William/Prince_William_0002.jpg Suh_Young-hoon/Suh_Young-hoon_0001.jpg
Mike_Babcock/Mike_Babcock_0002.jpg Mike_Babcock/Mike_Babcock_0002.jpg Anthony_Hopkins/Anthony_Hopkins_0002.jpg
Walter_Mondale/Walter_Mondale_0007.jpg Walter_Mondale/Walter_Mondale_0009.jpg John_Ashcroft/John_Ashcroft_0034.jpg
Xanana_Gusmao/Xanana_Gusmao_0002.jpg Xanana_Gusmao/Xanana_Gusmao_0002.jpg Lina_Krasnoroutskaya/Lina_Krasnoroutskaya_0001.jpg
Alicia_Keys/Alicia_Keys_0001.jpg Alicia_Keys/Alicia_Keys_0001.jpg Luis_Gonzalez_Macchi/Luis_Gonzalez_Macchi_0005.jpg
Stepan_Demirchian/Stepan_Demirchian_0001.jpg Stepan_Demirchian/Stepan_Demirchian_0001.jpg Jean_Chretien/Jean_Chretien_0022.jpg
Lawrence_Vito/Lawrence_Vito_0001.jpg Lawrence_Vito/Lawrence_Vito_0001.jpg Lon_Kruger/Lon_Kruger_0002.jpg
Andrew_Bernard/Andrew_Bernard_0001.jpg Andrew_Bernard/Andrew_Bernard_0001.jpg S_Jayakumar/S_Jayakumar_0001.jpg
Hamid_Karzai/Hamid_Karzai_0010.jpg Hamid_Karzai/Hamid_Karzai_0002.jpg Ali_Adbul_Karim_Madani/Ali_Adbul_Karim_Madani_0001.jpg
Ricky_Barnes/Ricky_Barnes_0001.jpg Ricky_Barnes/Ricky_Barnes_0002.jpg John_Mayer/John_Mayer_0001.jpg
Bill_Clinton/Bill_Clinton_0008.jpg Bill_Clinton/Bill_Clinton_0003.jpg Ambrose_Lee/Ambrose_Lee_0001.jpg
Scott_Blum/Scott_Blum_0001.jpg Scott_Blum/Scott_Blum_0001.jpg Serena_Williams/Serena_Williams_0034.jpg
Annette_Lu/Annette_Lu_0003.jpg Annette_Lu/Annette_Lu_0003.jpg Dean_Barkley/Dean_Barkley_0001.jpg
Mike_Krzyzewski/Mike_Krzyzewski_0003.jpg Mike_Krzyzewski/Mike_Krzyzewski_0003.jpg Hank_Bass/Hank_Bass_0001.jpg
Erika_Harold/Erika_Harold_0004.jpg Erika_Harold/Erika_Harold_0004.jpg Rick_Dinse/Rick_Dinse_0001.jpg
Tony_Blair/Tony_Blair_0027.jpg Tony_Blair/Tony_Blair_0130.jpg Masahiko_Nagasawa/Masahiko_Nagasawa_0002.jpg
Fernando_Gonzalez/Fernando_Gonzalez_0006.jpg Fernando_Gonzalez/Fernando_Gonzalez_0006.jpg Osama_bin_Laden/Osama_bin_Laden_0001.jpg
John_Negroponte/John_Negroponte_0009.jpg John_Negroponte/John_Negroponte_0015.jpg Alejandro_Toledo/Alejandro_Toledo_0028.jpg
Mario_Kreutzberger/Mario_Kreutzberger_0002.jpg Mario_Kreutzberger/Mario_Kreutzberger_0002.jpg Charlotte_Rampling/Charlotte_Rampling_0002.jpg
Richard_Krajicek/Richard_Krajicek_0002.jpg Richard_Krajicek/Richard_Krajicek_0003.jpg Rudolph_Giuliani/Rudolph_Giuliani_0018.jpg
Robert_Beck/Robert_Beck_0001.jpg Robert_Beck/Robert_Beck_0001.jpg Britney_Spears/Britney_Spears_0003.jpg
Riccardo_Muti/Riccardo_Muti_0001.jpg Riccardo_Muti/Riccardo_Muti_0001.jpg Jennifer_Aniston/Jennifer_Aniston_0008.jpg
Li_Ka-shing/Li_Ka-shing_0001.jpg Li_Ka-shing/Li_Ka-shing_0001.jpg Colin_Powell/Colin_Powell_0130.jpg
Donald_Rumsfeld/Donald_Rumsfeld_0118.jpg Donald_Rumsfeld/Donald_Rumsfeld_0098.jpg Colin_Powell/Colin_Powell_0218.jpg
George_W_Bush/George_W_Bush_0515.jpg George_W_Bush/George_W_Bush_0418.jpg Jiang_Zemin/Jiang_Zemin_0014.jpg
Pernilla_Bjorn/Pernilla_Bjorn_0001.jpg Pernilla_Bjorn/Pernilla_Bjorn_0001.jpg Jacques_Chirac/Jacques_Chirac_0004.jpg
Luis_Ernesto_Derbez_Bautista/Luis_Ernesto_Derbez_Bautista_0005.jpg Luis_Ernesto_Derbez_Bautista/Luis_Ernesto_Derbez_Bautista_0004.jpg David_Stern/David_Stern_0003.jpg
Vicente_Fox/Vicente_Fox_0026.jpg Vicente_Fox/Vicente_Fox_0026.jpg Kathleen_Kennedy_Townsend/Kathleen_Kennedy_Townsend_0004.jpg
George_W_Bush/George_W_Bush_0317.jpg George_W_Bush/George_W_Bush_0232.jpg Carlos_Arroyo/Carlos_Arroyo_0001.jpg
Ari_Fleischer/Ari_Fleischer_0009.jpg Ari_Fleischer/Ari_Fleischer_0008.jpg Jack_Straw/Jack_Straw_0015.jpg
George_W_Bush/George_W_Bush_0162.jpg George_W_Bush/George_W_Bush_0374.jpg Paul_Wolfowitz/Paul_Wolfowitz_0003.jpg
Chris_Columbus/Chris_Columbus_0001.jpg Chris_Columbus/Chris_Columbus_0001.jpg Julie_Gerberding/Julie_Gerberding_0007.jpg
Bono/Bono_0003.jpg Bono/Bono_0003.jpg Arnold_Schwarzenegger/Arnold_Schwarzenegger_0009.jpg
John_Madden/John_Madden_0001.jpg John_Madden/John_Madden_0001.jpg Anthony_Hopkins/Anthony_Hopkins_0001.jpg
Sergio_Vieira_De_Mello/Sergio_Vieira_De_Mello_0007.jpg Sergio_Vieira_De_Mello/Sergio_Vieira_De_Mello_0007.jpg Clare_Latimer/Clare_Latimer_0001.jpg
Mike_Matheny/Mike_Matheny_0001.jpg Mike_Matheny/Mike_Matheny_0001.jpg Serena_Williams/Serena_Williams_0038.jpg
Pervez_Musharraf/Pervez_Musharraf_0013.jpg Pervez_Musharraf/Pervez_Musharraf_0012.jpg Zeljko_Rebraca/Zeljko_Rebraca_0001.jpg
Mick_McCarthy/Mick_McCarthy_0001.jpg Mick_McCarthy/Mick_McCarthy_0001.jpg Brad_Garrett/Brad_Garrett_0004.jpg
Leonid_Kuchma/Leonid_Kuchma_0005.jpg Leonid_Kuchma/Leonid_Kuchma_0005.jpg Judy_Locy/Judy_Locy_0001.jpg
Angelina_Jolie/Angelina_Jolie_0010.jpg Angelina_Jolie/Angelina_Jolie_0017.jpg Jacqueline_Marris/Jacqueline_Marris_0001.jpg
Jennifer_Capriati/Jennifer_Capriati_0013.jpg Jennifer_Capriati/Jennifer_Capriati_0016.jpg Heather_Willson/Heather_Willson_0001.jpg
George_W_Bush/George_W_Bush_0515.jpg George_W_Bush/George_W_Bush_0032.jpg Gerardo_Gambala/Gerardo_Gambala_0002.jpg
Annie_Machon/Annie_Machon_0001.jpg Annie_Machon/Annie_Machon_0001.jpg Pervez_Musharraf/Pervez_Musharraf_0013.jpg
Debbie_Allen/Debbie_Allen_0001.jpg Debbie_Allen/Debbie_Allen_0001.jpg Wes_Craven/Wes_Craven_0001.jpg
Stephen_Ebberharter/Stephen_Ebberharter_0001.jpg Stephen_Ebberharter/Stephen_Ebberharter_0001.jpg Richard_Hellfant/Richard_Hellfant_0001.jpg
George_W_Bush/George_W_Bush_0130.jpg George_W_Bush/George_W_Bush_0358.jpg Oswaldo_Paya/Oswaldo_Paya_0002.jpg
Juan_Carlos_Ferrero/Juan_Carlos_Ferrero_0024.jpg Juan_Carlos_Ferrero/Juan_Carlos_Ferrero_0016.jpg Colin_Powell/Colin_Powell_0186.jpg
Takashi_Sorimachi/Takashi_Sorimachi_0002.jpg Takashi_Sorimachi/Takashi_Sorimachi_0002.jpg Mark_Wahlberg/Mark_Wahlberg_0001.jpg
Alanis_Morissette/Alanis_Morissette_0001.jpg Alanis_Morissette/Alanis_Morissette_0001.jpg Donald_Rumsfeld/Donald_Rumsfeld_0006.jpg
Lee_Soo-hyuck/Lee_Soo-hyuck_0002.jpg Lee_Soo-hyuck/Lee_Soo-hyuck_0002.jpg Jiang_Zemin/Jiang_Zemin_0017.jpg
George_W_Bush/George_W_Bush_0014.jpg George_W_Bush/George_W_Bush_0435.jpg Jong_Thae_Hwa/Jong_Thae_Hwa_0002.jpg
Ann_Landers/Ann_Landers_0001.jpg Ann_Landers/Ann_Landers_0001.jpg Micheal_Jourdain_Jr/Micheal_Jourdain_Jr_0001.jpg
Thomas_Rupprath/Thomas_Rupprath_0002.jpg Thomas_Rupprath/Thomas_Rupprath_0002.jpg Lleyton_Hewitt/Lleyton_Hewitt_0011.jpg
Kristin_Davis/Kristin_Davis_0003.jpg Kristin_Davis/Kristin_Davis_0003.jpg Leonardo_DiCaprio/Leonardo_DiCaprio_0004.jpg
Dinora_Rosales/Dinora_Rosales_0001.jpg Dinora_Rosales/Dinora_Rosales_0001.jpg Rudolph_Giuliani/Rudolph_Giuliani_0024.jpg
Alistair_MacDonald/Alistair_MacDonald_0001.jpg Alistair_MacDonald/Alistair_MacDonald_0001.jpg Angelina_Jolie/Angelina_Jolie_0017.jpg
Jacques_Chirac/Jacques_Chirac_0004.jpg Jacques_Chirac/Jacques_Chirac_0031.jpg William_Ragland/William_Ragland_0001.jpg
Tony_Blair/Tony_Blair_0060.jpg Tony_Blair/Tony_Blair_0055.jpg Bridget_Fonda/Bridget_Fonda_0001.jpg
Han_Sung_Joo/Han_Sung_Joo_0001.jpg Han_Sung_Joo/Han_Sung_Joo_0001.jpg Barbara_Walters/Barbara_Walters_0002.jpg
Prospero_Pichay/Prospero_Pichay_0001.jpg Prospero_Pichay/Prospero_Pichay_0001.jpg Tony_Blair/Tony_Blair_0138.jpg
Jennifer_Thompson/Jennifer_Thompson_0001.jpg Jennifer_Thompson/Jennifer_Thompson_0001.jpg Nestor_Kirchner/Nestor_Kirchner_0030.jpg
Stanislas_Wawrinka/Stanislas_Wawrinka_0001.jpg Stanislas_Wawrinka/Stanislas_Wawrinka_0001.jpg Vicente_Fox/Vicente_Fox_0028.jpg
Vicente_Fox/Vicente_Fox_0024.jpg Vicente_Fox/Vicente_Fox_0002.jpg Spencer_Abraham/Spencer_Abraham_0010.jpg
Pedro_Almodovar/Pedro_Almodovar_0007.jpg Pedro_Almodovar/Pedro_Almodovar_0007.jpg Guangdong_Ou_Guangyuan/Guangdong_Ou_Guangyuan_0001.jpg
Michelle_Kwan/Michelle_Kwan_0007.jpg Michelle_Kwan/Michelle_Kwan_0007.jpg Jean_Chretien/Jean_Chretien_0019.jpg
Herta_Daeubler-Gmelin/Herta_Daeubler-Gmelin_0002.jpg Herta_Daeubler-Gmelin/Herta_Daeubler-Gmelin_0002.jpg George_W_Bush/George_W_Bush_0174.jpg
George_W_Bush/George_W_Bush_0282.jpg George_W_Bush/George_W_Bush_0178.jpg Dan_Kellner/Dan_Kellner_0001.jpg
Lou_Piniella/Lou_Piniella_0001.jpg Lou_Piniella/Lou_Piniella_0001.jpg Leonard_Glick/Leonard_Glick_0001.jpg
William_Bulger/William_Bulger_0001.jpg William_Bulger/William_Bulger_0002.jpg Naomi_Watts/Naomi_Watts_0003.jpg
James_Butts/James_Butts_0001.jpg James_Butts/James_Butts_0001.jpg Stephen_Ambrose/Stephen_Ambrose_0002.jpg
Hugo_Chavez/Hugo_Chavez_0048.jpg Hugo_Chavez/Hugo_Chavez_0053.jpg Robert_Downey_Jr/Robert_Downey_Jr_0001.jpg
Gretchen_Mol/Gretchen_Mol_0001.jpg Gretchen_Mol/Gretchen_Mol_0001.jpg George_W_Bush/George_W_Bush_0467.jpg
Matt_Damon/Matt_Damon_0001.jpg Matt_Damon/Matt_Damon_0001.jpg John_Bolton/John_Bolton_0005.jpg
Jennifer_Tilly/Jennifer_Tilly_0001.jpg Jennifer_Tilly/Jennifer_Tilly_0001.jpg Benedita_da_Silva/Benedita_da_Silva_0001.jpg
John_Ashcroft/John_Ashcroft_0005.jpg John_Ashcroft/John_Ashcroft_0051.jpg Gabriel_Batistuta/Gabriel_Batistuta_0002.jpg
John_Bolton/John_Bolton_0006.jpg John_Bolton/John_Bolton_0005.jpg George_W_Bush/George_W_Bush_0104.jpg
Tom_Daschle/Tom_Daschle_0003.jpg Tom_Daschle/Tom_Daschle_0002.jpg Poala_Suarez/Poala_Suarez_0001.jpg
Miroljub/Miroljub_0002.jpg Miroljub/Miroljub_0002.jpg Steffi_Graf/Steffi_Graf_0001.jpg
Vaclav_Havel/Vaclav_Havel_0003.jpg Vaclav_Havel/Vaclav_Havel_0003.jpg Joel_Todd/Joel_Todd_0001.jpg
John_Garamendi/John_Garamendi_0001.jpg John_Garamendi/John_Garamendi_0002.jpg Mathias_Reichhold/Mathias_Reichhold_0001.jpg
Chris_Tucker/Chris_Tucker_0001.jpg Chris_Tucker/Chris_Tucker_0001.jpg Mary_Tyler_Moore/Mary_Tyler_Moore_0001.jpg
Jerry_Springer/Jerry_Springer_0002.jpg Jerry_Springer/Jerry_Springer_0002.jpg Conchita_Martinez/Conchita_Martinez_0003.jpg
Filippo_Inzaghi/Filippo_Inzaghi_0003.jpg Filippo_Inzaghi/Filippo_Inzaghi_0003.jpg Darcy_Regier/Darcy_Regier_0001.jpg
Gerry_Parsky/Gerry_Parsky_0002.jpg Gerry_Parsky/Gerry_Parsky_0002.jpg Charles_Moose/Charles_Moose_0013.jpg
Mickey_Sherman/Mickey_Sherman_0001.jpg Mickey_Sherman/Mickey_Sherman_0001.jpg Tony_Blair/Tony_Blair_0101.jpg
Conchita_Martinez/Conchita_Martinez_0003.jpg Conchita_Martinez/Conchita_Martinez_0003.jpg Tony_Blair/Tony_Blair_0027.jpg
John_Salazar/John_Salazar_0001.jpg John_Salazar/John_Salazar_0001.jpg Roh_Moo-hyun/Roh_Moo-hyun_0006.jpg
George_W_Bush/George_W_Bush_0173.jpg George_W_Bush/George_W_Bush_0502.jpg Hun_Sen/Hun_Sen_0003.jpg
Stephen_Ambrose/Stephen_Ambrose_0001.jpg Stephen_Ambrose/Stephen_Ambrose_0002.jpg James_Kelly/James_Kelly_0007.jpg
Leonardo_DiCaprio/Leonardo_DiCaprio_0005.jpg Leonardo_DiCaprio/Leonardo_DiCaprio_0005.jpg Martha_Stewart/Martha_Stewart_0001.jpg
Lance_Armstrong/Lance_Armstrong_0016.jpg Lance_Armstrong/Lance_Armstrong_0006.jpg Yashwant_Sinha/Yashwant_Sinha_0002.jpg
Sonia_Gandhi/Sonia_Gandhi_0001.jpg Sonia_Gandhi/Sonia_Gandhi_0001.jpg Stacey_Yamaguchi/Stacey_Yamaguchi_0001.jpg
Erin_Hershey_Presley/Erin_Hershey_Presley_0001.jpg Erin_Hershey_Presley/Erin_Hershey_Presley_0001.jpg Vojislav_Kostunica/Vojislav_Kostunica_0003.jpg
Kim_Clijsters/Kim_Clijsters_0004.jpg Kim_Clijsters/Kim_Clijsters_0001.jpg Xanana_Gusmao/Xanana_Gusmao_0002.jpg
Amelia_Vega/Amelia_Vega_0006.jpg Amelia_Vega/Amelia_Vega_0006.jpg Andy_Hebb/Andy_Hebb_0002.jpg
Monique_Garbrecht-Enfeldt/Monique_Garbrecht-Enfeldt_0002.jpg Monique_Garbrecht-Enfeldt/Monique_Garbrecht-Enfeldt_0002.jpg Tippi_Hedren/Tippi_Hedren_0002.jpg
John_McCormack/John_McCormack_0002.jpg John_McCormack/John_McCormack_0002.jpg Paul_Bremer/Paul_Bremer_0005.jpg
Tommy_Franks/Tommy_Franks_0002.jpg Tommy_Franks/Tommy_Franks_0002.jpg Gloria_Macapagal_Arroyo/Gloria_Macapagal_Arroyo_0013.jpg
Colin_Powell/Colin_Powell_0115.jpg Colin_Powell/Colin_Powell_0186.jpg Paul_Krueger/Paul_Krueger_0001.jpg
James_Kopp/James_Kopp_0004.jpg James_Kopp/James_Kopp_0002.jpg Colin_Powell/Colin_Powell_0154.jpg
Alejandro_Toledo/Alejandro_Toledo_0006.jpg Alejandro_Toledo/Alejandro_Toledo_0032.jpg Hitomi_Soga/Hitomi_Soga_0005.jpg
Benazir_Bhutto/Benazir_Bhutto_0003.jpg Benazir_Bhutto/Benazir_Bhutto_0005.jpg Joe_Lieberman/Joe_Lieberman_0002.jpg
John_Howard/John_Howard_0001.jpg John_Howard/John_Howard_0015.jpg Rudolph_Giuliani/Rudolph_Giuliani_0010.jpg
Luther_Htu/Luther_Htu_0001.jpg Luther_Htu/Luther_Htu_0001.jpg Jacques_Chirac/Jacques_Chirac_0015.jpg
Ari_Fleischer/Ari_Fleischer_0008.jpg Ari_Fleischer/Ari_Fleischer_0008.jpg Jennifer_Garner/Jennifer_Garner_0012.jpg
Turner_Stevenson/Turner_Stevenson_0001.jpg Turner_Stevenson/Turner_Stevenson_0001.jpg Miguel_Aldana_Ibarra/Miguel_Aldana_Ibarra_0001.jpg
Muhammad_Saeed_al-Sahhaf/Muhammad_Saeed_al-Sahhaf_0004.jpg Muhammad_Saeed_al-Sahhaf/Muhammad_Saeed_al-Sahhaf_0004.jpg Eduardo_Duhalde/Eduardo_Duhalde_0003.jpg
George_W_Bush/George_W_Bush_0049.jpg George_W_Bush/George_W_Bush_0480.jpg Colin_Powell/Colin_Powell_0172.jpg
Roh_Moo-hyun/Roh_Moo-hyun_0006.jpg Roh_Moo-hyun/Roh_Moo-hyun_0014.jpg Taufik_Hidayat/Taufik_Hidayat_0002.jpg
George_W_Bush/George_W_Bush_0254.jpg George_W_Bush/George_W_Bush_0227.jpg Angelina_Jolie/Angelina_Jolie_0010.jpg
Stephen_Ambrose/Stephen_Ambrose_0001.jpg Stephen_Ambrose/Stephen_Ambrose_0001.jpg Alan_Tang_Kwong-wing/Alan_Tang_Kwong-wing_0001.jpg
Bulent_Ecevit/Bulent_Ecevit_0006.jpg Bulent_Ecevit/Bulent_Ecevit_0003.jpg Marc_Anthony/Marc_Anthony_0001.jpg
Nestor_Kirchner/Nestor_Kirchner_0017.jpg Nestor_Kirchner/Nestor_Kirchner_0026.jpg Benazir_Bhutto/Benazir_Bhutto_0005.jpg
Katie_Harman/Katie_Harman_0001.jpg Katie_Harman/Katie_Harman_0001.jpg Hamid_Karzai/Hamid_Karzai_0010.jpg
Gloria_Macapagal_Arroyo/Gloria_Macapagal_Arroyo_0002.jpg Gloria_Macapagal_Arroyo/Gloria_Macapagal_Arroyo_0011.jpg Monique_Garbrecht-Enfeldt/Monique_Garbrecht-Enfeldt_0002.jpg
Jean_Brumley/Jean_Brumley_0001.jpg Jean_Brumley/Jean_Brumley_0001.jpg Paul_Ebert/Paul_Ebert_0001.jpg
Andre_Agassi/Andre_Agassi_0027.jpg Andre_Agassi/Andre_Agassi_0013.jpg Naomi_Watts/Naomi_Watts_0019.jpg
Igor_Trunov/Igor_Trunov_0001.jpg Igor_Trunov/Igor_Trunov_0001.jpg Milan_Kucan/Milan_Kucan_0001.jpg
Michael_Bloomberg/Michael_Bloomberg_0007.jpg Michael_Bloomberg/Michael_Bloomberg_0006.jpg George_W_Bush/George_W_Bush_0206.jpg
Hermann_Maier/Hermann_Maier_0002.jpg Hermann_Maier/Hermann_Maier_0002.jpg David_Nalbandian/David_Nalbandian_0003.jpg
Todd_Wike/Todd_Wike_0001.jpg Todd_Wike/Todd_Wike_0001.jpg George_W_Bush/George_W_Bush_0042.jpg
Sonia_Gandhi/Sonia_Gandhi_0001.jpg Sonia_Gandhi/Sonia_Gandhi_0001.jpg Rob_Lowe/Rob_Lowe_0002.jpg
Woody_Allen/Woody_Allen_0005.jpg Woody_Allen/Woody_Allen_0005.jpg Jose_Serra/Jose_Serra_0003.jpg
Malcolm_Glazer/Malcolm_Glazer_0001.jpg Malcolm_Glazer/Malcolm_Glazer_0001.jpg Michael_Schumacher/Michael_Schumacher_0008.jpg
Tom_Rouen/Tom_Rouen_0001.jpg Tom_Rouen/Tom_Rouen_0001.jpg Serena_Williams/Serena_Williams_0012.jpg
Recep_Tayyip_Erdogan/Recep_Tayyip_Erdogan_0013.jpg Recep_Tayyip_Erdogan/Recep_Tayyip_Erdogan_0015.jpg Monique_Garbrecht-Enfeldt/Monique_Garbrecht-Enfeldt_0002.jpg
Heidi_Klum/Heidi_Klum_0004.jpg Heidi_Klum/Heidi_Klum_0004.jpg Vaclav_Havel/Vaclav_Havel_0003.jpg
Prospero_Pichay/Prospero_Pichay_0001.jpg Prospero_Pichay/Prospero_Pichay_0001.jpg Jake_Gyllenhaal/Jake_Gyllenhaal_0005.jpg
David_Trimble/David_Trimble_0001.jpg David_Trimble/David_Trimble_0003.jpg Rudolph_Giuliani/Rudolph_Giuliani_0022.jpg
Tony_Blair/Tony_Blair_0071.jpg Tony_Blair/Tony_Blair_0065.jpg Aly_Wagner/Aly_Wagner_0001.jpg
Rick_Perry/Rick_Perry_0003.jpg Rick_Perry/Rick_Perry_0003.jpg James_Cunningham/James_Cunningham_0002.jpg
Frank_Hsieh/Frank_Hsieh_0001.jpg Frank_Hsieh/Frank_Hsieh_0001.jpg Mian_Khursheed_Mehmood_Kasuri/Mian_Khursheed_Mehmood_Kasuri_0002.jpg
George_W_Bush/George_W_Bush_0397.jpg George_W_Bush/George_W_Bush_0511.jpg Martin_Boryczewski/Martin_Boryczewski_0001.jpg
Michael_Shane_Jolly/Michael_Shane_Jolly_0001.jpg Michael_Shane_Jolly/Michael_Shane_Jolly_0001.jpg Nancy_Humbert/Nancy_Humbert_0001.jpg
John_McCain/John_McCain_0001.jpg John_McCain/John_McCain_0001.jpg Kathleen_Kennedy_Townsend/Kathleen_Kennedy_Townsend_0004.jpg
George_W_Bush/George_W_Bush_0206.jpg George_W_Bush/George_W_Bush_0144.jpg Pyar_Jung_Thapa/Pyar_Jung_Thapa_0001.jpg
Uzi_Even/Uzi_Even_0001.jpg Uzi_Even/Uzi_Even_0001.jpg Dan_Reeves/Dan_Reeves_0001.jpg
Jose_Mourinho/Jose_Mourinho_0001.jpg Jose_Mourinho/Jose_Mourinho_0001.jpg Colin_Powell/Colin_Powell_0026.jpg
Prince_Willem-Alexander/Prince_Willem-Alexander_0003.jpg Prince_Willem-Alexander/Prince_Willem-Alexander_0003.jpg Mohamed_ElBaradei/Mohamed_ElBaradei_0001.jpg
Abdoulaye_Wade/Abdoulaye_Wade_0004.jpg Abdoulaye_Wade/Abdoulaye_Wade_0004.jpg Xiang_Xu/Xiang_Xu_0001.jpg
Jennifer_Connelly/Jennifer_Connelly_0001.jpg Jennifer_Connelly/Jennifer_Connelly_0002.jpg Yashwant_Sinha/Yashwant_Sinha_0002.jpg
Larry_Coker/Larry_Coker_0003.jpg Larry_Coker/Larry_Coker_0003.jpg Gary_Gero/Gary_Gero_0001.jpg
Alvaro_Uribe/Alvaro_Uribe_0025.jpg Alvaro_Uribe/Alvaro_Uribe_0028.jpg John_Kerry/John_Kerry_0001.jpg
Jose_Maria_Aznar/Jose_Maria_Aznar_0007.jpg Jose_Maria_Aznar/Jose_Maria_Aznar_0003.jpg John_Ashcroft/John_Ashcroft_0020.jpg