Patti_Labelle/Patti_Labelle_0002.jpg Patti_Labelle/Patti_Labelle_0002.jpg 1
Paul_Bremer/Paul_Bremer_0005.jpg Paul_Bremer/Paul_Bremer_0004.jpg 1
Hugo_Chavez/Hugo_Chavez_0044.jpg Chris_Andrews/Chris_Andrews_0001.jpg 0
Joe_Nichols/Joe_Nichols_0002.jpg Joe_Nichols/Joe_Nichols_0002.jpg 1
Hans_Blix/Hans_Blix_0026.jpg Hans_Blix/Hans_Blix_0014.jpg 1
Jean_Chretien/Jean_Chretien_0019.jpg Lori_Berenson/Lori_Berenson_0001.jpg 0
George_W_Bush/George_W_Bush_0152.jpg George_W_Bush/George_W_Bush_0513.jpg 1
David_Trimble/David_Trimble_0003.jpg Isaiah_Washington/Isaiah_Washington_0002.jpg 0
Joseph_Ganim/Joseph_Ganim_0001.jpg George_W_Bush/George_W_Bush_0195.jpg 0
William_Murabito/William_Murabito_0001.jpg William_Murabito/William_Murabito_0001.jpg 1
Halle_Berry/Halle_Berry_0011.jpg Steven_Seagal/Steven_Seagal_0002.jpg 0
Gustavo_Noboa/Gustavo_Noboa_0001.jpg Nancy_Pelosi/Nancy_Pelosi_0003.jpg 0
Pa_Kou_Hang/Pa_Kou_Hang_0001.jpg Alvaro_Uribe/Alvaro_Uribe_0006.jpg 0
Mahathir_Mohamad/Mahathir_Mohamad_0004.jpg Mahathir_Mohamad/Mahathir_Mohamad_0004.jpg 1
Larry_Thompson/Larry_Thompson_0001.jpg Prospero_Pichay/Prospero_Pichay_0001.jpg 0
Giulio_Andreotti/Giulio_Andreotti_0001.jpg Tony_Blair/Tony_Blair_0099.jpg 0
Jelena_Dokic/Jelena_Dokic_0007.jpg Halle_Berry/Halle_Berry_0011.jpg 0
Lleyton_Hewitt/Lleyton_Hewitt_0011.jpg Martin_McCauley/Martin_McCauley_0001.jpg 0
Sananda_Maitreya/Sananda_Maitreya_0001.jpg Paul_McCartney/Paul_McCartney_0007.jpg 0
James_Kelly/James_Kelly_0003.jpg James_Kelly/James_Kelly_0007.jpg 1
Judd_Davies/Judd_Davies_0001.jpg Sheryl_Crow/Sheryl_Crow_0007.jpg 0
George_W_Bush/George_W_Bush_0237.jpg Paul_Bremer/Paul_Bremer_0004.jpg 0
Bill_Clinton/Bill_Clinton_0020.jpg Bill_Clinton/Bill_Clinton_0008.jpg 1
Vassilis_Xiros/Vassilis_Xiros_0001.jpg Vassilis_Xiros/Vassilis_Xiros_0001.jpg 1
John_Williams/John_Williams_0001.jpg John_Williams/John_Williams_0001.jpg 1
Christine_Baumgartner/Christine_Baumgartner_0003.jpg Christine_Baumgartner/Christine_Baumgartner_0003.jpg 1
Alexander_Downer/Alexander_Downer_0004.jpg Alexander_Downer/Alexander_Downer_0004.jpg 1
Jude_Law/Jude_Law_0002.jpg Ricardo_Lagos/Ricardo_Lagos_0001.jpg 0
George_Lopez/George_Lopez_0004.jpg Tom_Welch/Tom_Welch_0001.jpg 0
Guillermo_Coria/Guillermo_Coria_0004.jpg Julia_Tymoshenko/Julia_Tymoshenko_0002.jpg 0
Elizabeth_Smart/Elizabeth_Smart_0005.jpg Elizabeth_Smart/Elizabeth_Smart_0005.jpg 1
Ambrose_Lee/Ambrose_Lee_0001.jpg Ambrose_Lee/Ambrose_Lee_0001.jpg 1
Steve_Mariucci/Steve_Mariucci_0001.jpg Harry_Kalas/Harry_Kalas_0002.jpg 0
Pedro_Malan/Pedro_Malan_0001.jpg Paradorn_Srichaphan/Paradorn_Srichaphan_0009.jpg 0
Roh_Moo-hyun/Roh_Moo-hyun_0011.jpg Anatoliy_Kinakh/Anatoliy_Kinakh_0001.jpg 0
Gerardo_Gambala/Gerardo_Gambala_0002.jpg Buck_Rodgers/Buck_Rodgers_0001.jpg 0
Elizabeth_Smart/Elizabeth_Smart_0005.jpg John_Ashcroft/John_Ashcroft_0017.jpg 0
Gordon_McDonald/Gordon_McDonald_0001.jpg Gordon_McDonald/Gordon_McDonald_0001.jpg 1
Mariana_Pollack/Mariana_Pollack_0003.jpg Lina_Krasnoroutskaya/Lina_Krasnoroutskaya_0001.jpg 0
Doris_Roberts/Doris_Roberts_0003.jpg Tocker_Pudwill/Tocker_Pudwill_0001.jpg 0
Jiang_Zemin/Jiang_Zemin_0006.jpg Jiang_Zemin/Jiang_Zemin_0005.jpg 1
Mark_Bellhorn/Mark_Bellhorn_0001.jpg Frank_Wycheck/Frank_Wycheck_0001.jpg 0
Alberto_Ruiz_Gallardon/Alberto_Ruiz_Gallardon_0001.jpg Vicente_Fox/Vicente_Fox_0006.jpg 0
James_Kelly/James_Kelly_0003.jpg Tang_Jiaxuan/Tang_Jiaxuan_0002.jpg 0
Vadim_Devyatovskiy/Vadim_Devyatovskiy_0001.jpg Colin_Powell/Colin_Powell_0157.jpg 0
Michael_Chiklis/Michael_Chiklis_0001.jpg Irfan_Ahmed/Irfan_Ahmed_0001.jpg 0
Masao_Azuma/Masao_Azuma_0001.jpg Basdeo_Panday/Basdeo_Panday_0001.jpg 0
Jiang_Zemin/Jiang_Zemin_0007.jpg Andre_Agassi/Andre_Agassi_0034.jpg 0
Marlene_Weingartner/Marlene_Weingartner_0002.jpg Jalen_Rose/Jalen_Rose_0001.jpg 0
Jorge_Batlle/Jorge_Batlle_0002.jpg Jorge_Batlle/Jorge_Batlle_0001.jpg 1
Noelle_Bush/Noelle_Bush_0004.jpg Noelle_Bush/Noelle_Bush_0002.jpg 1
Richard_Greenberg/Richard_Greenberg_0001.jpg Richard_Greenberg/Richard_Greenberg_0001.jpg 1
Lance_Armstrong/Lance_Armstrong_0016.jpg Hamzah_Haz/Hamzah_Haz_0002.jpg 0
John_Bolton/John_Bolton_0002.jpg John_Bolton/John_Bolton_0005.jpg 1
Donald_Rumsfeld/Donald_Rumsfeld_0073.jpg Tony_Stewart/Tony_Stewart_0006.jpg 0
Mahathir_Mohamad/Mahathir_Mohamad_0003.jpg Mahathir_Mohamad/Mahathir_Mohamad_0004.jpg 1
Herta_Daeubler-Gmelin/Herta_Daeubler-Gmelin_0002.jpg Alberto_Acosta/Alberto_Acosta_0001.jpg 0
Annette_Bening/Annette_Bening_0002.jpg Jong_Wook_Lee/Jong_Wook_Lee_0004.jpg 0
Pete_Aldridge/Pete_Aldridge_0001.jpg Pete_Aldridge/Pete_Aldridge_0001.jpg 1
Helen_Clark/Helen_Clark_0004.jpg Paula_Locke/Paula_Locke_0001.jpg 0
Vladimir_Putin/Vladimir_Putin_0032.jpg Ricardo_Lagos/Ricardo_Lagos_0020.jpg 0
John_Ashcroft/John_Ashcroft_0052.jpg John_Ashcroft/John_Ashcroft_0044.jpg 1
George_W_Bush/George_W_Bush_0115.jpg Arminio_Fraga/Arminio_Fraga_0003.jpg 0
Karen_Sharpe_Kramer/Karen_Sharpe_Kramer_0001.jpg Karen_Sharpe_Kramer/Karen_Sharpe_Kramer_0001.jpg 1
Donald_Rumsfeld/Donald_Rumsfeld_0066.jpg Donald_Rumsfeld/Donald_Rumsfeld_0063.jpg 1
Sergio_Vieira_De_Mello/Sergio_Vieira_De_Mello_0011.jpg Sergio_Vieira_De_Mello/Sergio_Vieira_De_Mello_0008.jpg 1
Larry_Thompson/Larry_Thompson_0001.jpg Riccardo_Muti/Riccardo_Muti_0001.jpg 0
Joan_Laporta/Joan_Laporta_0003.jpg Joan_Laporta/Joan_Laporta_0002.jpg 1
Thanongsak_Tuvinan/Thanongsak_Tuvinan_0001.jpg Naomi_Watts/Naomi_Watts_0015.jpg 0
Rick_Perry/Rick_Perry_0003.jpg Rick_Perry/Rick_Perry_0003.jpg 1
Jane_Kaczmarek/Jane_Kaczmarek_0001.jpg Jane_Kaczmarek/Jane_Kaczmarek_0001.jpg 1
Dominique_de_Villepin/Dominique_de_Villepin_0005.jpg Tom_Scully/Tom_Scully_0001.jpg 0
Martin_Hoellwarth/Martin_Hoellwarth_0002.jpg Lance_Bass/Lance_Bass_0001.jpg 0
Albert_Costa/Albert_Costa_0005.jpg Michael_Schumacher/Michael_Schumacher_0008.jpg 0
William_Swor/William_Swor_0001.jpg Jason_Statham/Jason_Statham_0001.jpg 0
Junichiro_Koizumi/Junichiro_Koizumi_0009.jpg Igor_Ivanov/Igor_Ivanov_0006.jpg 0
Heather_Mills/Heather_Mills_0002.jpg Justine_Pasek/Justine_Pasek_0001.jpg 0
Franco_Cangele/Franco_Cangele_0001.jpg Franco_Cangele/Franco_Cangele_0001.jpg 1
Gunter_Pleuger/Gunter_Pleuger_0002.jpg Gunter_Pleuger/Gunter_Pleuger_0004.jpg 1
Fernando_Henrique_Cardoso/Fernando_Henrique_Cardoso_0003.jpg Fernando_Henrique_Cardoso/Fernando_Henrique_Cardoso_0002.jpg 1
Jorge_Batlle/Jorge_Batlle_0001.jpg Rob_Lowe/Rob_Lowe_0001.jpg 0
Brett_Hawke/Brett_Hawke_0001.jpg Brett_Hawke/Brett_Hawke_0001.jpg 1
Ambrose_Lee/Ambrose_Lee_0001.jpg Tom_Daschle/Tom_Daschle_0001.jpg 0
Gerhard_Schroeder/Gerhard_Schroeder_0026.jpg George_W_Bush/George_W_Bush_0074.jpg 0
John_Manley/John_Manley_0007.jpg John_Manley/John_Manley_0007.jpg 1
Naomi_Watts/Naomi_Watts_0007.jpg Gideon_Black/Gideon_Black_0001.jpg 0
Katherine_Harris/Katherine_Harris_0001.jpg Paul-Henri_Mathieu/Paul-Henri_Mathieu_0003.jpg 0
Valerie_Harper/Valerie_Harper_0002.jpg Valerie_Harper/Valerie_Harper_0002.jpg 1
Eduardo_Duhalde/Eduardo_Duhalde_0012.jpg Eduardo_Duhalde/Eduardo_Duhalde_0012.jpg 1
Leonard_Glick/Leonard_Glick_0001.jpg Robert_Duvall/Robert_Duvall_0002.jpg 0
Jenna_Elfman/Jenna_Elfman_0001.jpg Jennifer_Capriati/Jennifer_Capriati_0006.jpg 0
Cate_Blanchett/Cate_Blanchett_0004.jpg Cate_Blanchett/Cate_Blanchett_0004.jpg 1
Noelle_Bush/Noelle_Bush_0002.jpg Noelle_Bush/Noelle_Bush_0004.jpg 1
Serena_Williams/Serena_Williams_0012.jpg Jake_Gyllenhaal/Jake_Gyllenhaal_0003.jpg 0
Donna_Brazile/Donna_Brazile_0001.jpg Giovanny_Cordoba/Giovanny_Cordoba_0001.jpg 0
Mickey_Sherman/Mickey_Sherman_0001.jpg Jim_Hahn/Jim_Hahn_0004.jpg 0
Recep_Tayyip_Erdogan/Recep_Tayyip_Erdogan_0001.jpg Shaukat_Aziz/Shaukat_Aziz_0002.jpg 0
Charlton_Heston/Charlton_Heston_0006.jpg William_Ragland/William_Ragland_0001.jpg 0
Arnold_Schwarzenegger/Arnold_Schwarzenegger_0012.jpg Martha_Stewart/Martha_Stewart_0001.jpg 0
Nestor_Kirchner/Nestor_Kirchner_0030.jpg Jennifer_Aniston/Jennifer_Aniston_0004.jpg 0
Bill_Clinton/Bill_Clinton_0029.jpg Nestor_Kirchner/Nestor_Kirchner_0034.jpg 0
Masao_Azuma/Masao_Azuma_0001.jpg Gonzalo_Sanchez_de_Lozada/Gonzalo_Sanchez_de_Lozada_0003.jpg 0
Harry_Kalas/Harry_Kalas_0002.jpg Ariel_Sharon/Ariel_Sharon_0056.jpg 0
Atal_Bihari_Vajpayee/Atal_Bihari_Vajpayee_0022.jpg Atal_Bihari_Vajpayee/Atal_Bihari_Vajpayee_0005.jpg 1
Jim_Cantalupo/Jim_Cantalupo_0001.jpg Heather_Mills/Heather_Mills_0002.jpg 0
Marcelo_Salas/Marcelo_Salas_0001.jpg Ariel_Sharon/Ariel_Sharon_0028.jpg 0
Joschka_Fischer/Joschka_Fischer_0005.jpg Joschka_Fischer/Joschka_Fischer_0017.jpg 1
Alejandro_Toledo/Alejandro_Toledo_0037.jpg Alejandro_Toledo/Alejandro_Toledo_0032.jpg 1
Steven_Spielberg/Steven_Spielberg_0001.jpg Steven_Spielberg/Steven_Spielberg_0001.jpg 1
James_Kopp/James_Kopp_0004.jpg James_Kopp/James_Kopp_0002.jpg 1
Queen_Elizabeth_II/Queen_Elizabeth_II_0006.jpg Queen_Elizabeth_II/Queen_Elizabeth_II_0004.jpg 1
Carolyn_Dawn_Johnson/Carolyn_Dawn_Johnson_0002.jpg Carolyn_Dawn_Johnson/Carolyn_Dawn_Johnson_0002.jpg 1
Heidi_Klum/Heidi_Klum_0004.jpg Heidi_Klum/Heidi_Klum_0004.jpg 1
Prince_Claus/Prince_Claus_0002.jpg Prince_Claus/Prince_Claus_0001.jpg 1
Mohammad_Khatami/Mohammad_Khatami_0008.jpg Ariel_Sharon/Ariel_Sharon_0011.jpg 0
Barbara_Walters/Barbara_Walters_0004.jpg Scott_Gorelick/Scott_Gorelick_0001.jpg 0
Gloria_Macapagal_Arroyo/Gloria_Macapagal_Arroyo_0008.jpg Paul_Sarbanes/Paul_Sarbanes_0001.jpg 0
Boris_Yeltsin/Boris_Yeltsin_0002.jpg Boris_Yeltsin/Boris_Yeltsin_0001.jpg 1
Atal_Bihari_Vajpayee/Atal_Bihari_Vajpayee_0014.jpg Atal_Bihari_Vajpayee/Atal_Bihari_Vajpayee_0005.jpg 1
Serena_Williams/Serena_Williams_0034.jpg Jacques_Kallis/Jacques_Kallis_0001.jpg 0
Kevin_Nealon/Kevin_Nealon_0001.jpg Kevin_Nealon/Kevin_Nealon_0001.jpg 1
Recep_Tayyip_Erdogan/Recep_Tayyip_Erdogan_0015.jpg Recep_Tayyip_Erdogan/Recep_Tayyip_Erdogan_0004.jpg 1
Jay_Garner/Jay_Garner_0004.jpg Jay_Garner/Jay_Garner_0004.jpg 1
Alvaro_Uribe/Alvaro_Uribe_0018.jpg Walter_Mondale/Walter_Mondale_0007.jpg 0
George_W_Bush/George_W_Bush_0442.jpg Elizabeth_Hurley/Elizabeth_Hurley_0005.jpg 0
Tim_Henman/Tim_Henman_0017.jpg Tim_Henman/Tim_Henman_0018.jpg 1
George_Lopez/George_Lopez_0002.jpg George_Lopez/George_Lopez_0002.jpg 1
Ari_Fleischer/Ari_Fleischer_0013.jpg Dominique_de_Villepin/Dominique_de_Villepin_0003.jpg 0
Ian_Thorpe/Ian_Thorpe_0005.jpg Ian_Thorpe/Ian_Thorpe_0005.jpg 1
Jiang_Zemin/Jiang_Zemin_0004.jpg Mathias_Reichhold/Mathias_Reichhold_0001.jpg 0
Nick_Nolte/Nick_Nolte_0002.jpg Shingo_Suetsugu/Shingo_Suetsugu_0001.jpg 0
Junichiro_Koizumi/Junichiro_Koizumi_0008.jpg Prince_Claus/Prince_Claus_0001.jpg 0
Lew_Rywin/Lew_Rywin_0001.jpg Lew_Rywin/Lew_Rywin_0001.jpg 1
Luis_Ernesto_Derbez_Bautista/Luis_Ernesto_Derbez_Bautista_0001.jpg Thomas_Fargo/Thomas_Fargo_0002.jpg 0
Wilbert_Elki_Meza_Majino/Wilbert_Elki_Meza_Majino_0001.jpg Wilbert_Elki_Meza_Majino/Wilbert_Elki_Meza_Majino_0001.jpg 1
Riek_Blanjaar/Riek_Blanjaar_0001.jpg Riek_Blanjaar/Riek_Blanjaar_0001.jpg 1
Marlon_Devonish/Marlon_Devonish_0001.jpg Marlon_Devonish/Marlon_Devonish_0001.jpg 1
Gary_Leon_Ridgway/Gary_Leon_Ridgway_0001.jpg Gary_Leon_Ridgway/Gary_Leon_Ridgway_0001.jpg 1
Rodrigo_Borja/Rodrigo_Borja_0001.jpg John_Stallworth/John_Stallworth_0001.jpg 0
Lee_Soo-hyuck/Lee_Soo-hyuck_0002.jpg Lee_Soo-hyuck/Lee_Soo-hyuck_0002.jpg 1
George_W_Bush/George_W_Bush_0479.jpg George_W_Bush/George_W_Bush_0418.jpg 1
Mohammaed_Ahmad_Al_Jarallah/Mohammaed_Ahmad_Al_Jarallah_0001.jpg John_Ashcroft/John_Ashcroft_0017.jpg 0
Dick_Cheney/Dick_Cheney_0011.jpg Dick_Cheney/Dick_Cheney_0011.jpg 1
Sherry_Fisher/Sherry_Fisher_0001.jpg Richard_Krajicek/Richard_Krajicek_0003.jpg 0
Tony_Blair/Tony_Blair_0013.jpg George_W_Bush/George_W_Bush_0504.jpg 0
Ariel_Sharon/Ariel_Sharon_0011.jpg Ariel_Sharon/Ariel_Sharon_0022.jpg 1
Ted_Williams/Ted_Williams_0001.jpg Ted_Williams/Ted_Williams_0001.jpg 1
Brian_Wells/Brian_Wells_0002.jpg Brian_Wells/Brian_Wells_0002.jpg 1
Serena_Williams/Serena_Williams_0034.jpg Bulent_Ecevit/Bulent_Ecevit_0003.jpg 0
Nicole_Kidman/Nicole_Kidman_0011.jpg Mike_Krzyzewski/Mike_Krzyzewski_0004.jpg 0
Paul_Lockhart/Paul_Lockhart_0001.jpg Paul_Lockhart/Paul_Lockhart_0001.jpg 1
Jorge_Rodolfo_Canicoba_Corral/Jorge_Rodolfo_Canicoba_Corral_0002.jpg Ilham_Aliev/Ilham_Aliev_0001.jpg 0
Rudolph_Giuliani/Rudolph_Giuliani_0004.jpg Matthew_Perry/Matthew_Perry_0005.jpg 0
Michael_Bloomberg/Michael_Bloomberg_0007.jpg Michael_Bloomberg/Michael_Bloomberg_0017.jpg 1
Ricardo_Sanchez/Ricardo_Sanchez_0004.jpg Ricardo_Sanchez/Ricardo_Sanchez_0004.jpg 1
Tom_Daschle/Tom_Daschle_0002.jpg Tom_Daschle/Tom_Daschle_0001.jpg 1
Michael_Bloomberg/Michael_Bloomberg_0002.jpg Steffi_Graf/Steffi_Graf_0001.jpg 0
Lleyton_Hewitt/Lleyton_Hewitt_0009.jpg Jennifer_Capriati/Jennifer_Capriati_0001.jpg 0
King_Abdullah_II/King_Abdullah_II_0003.jpg King_Abdullah_II/King_Abdullah_II_0003.jpg 1
Alexander_Losyukov/Alexander_Losyukov_0003.jpg Alexander_Losyukov/Alexander_Losyukov_0003.jpg 1
John_Bolton/John_Bolton_0006.jpg Ariel_Sharon/Ariel_Sharon_0014.jpg 0
Michael_Chang/Michael_Chang_0006.jpg Michael_Chang/Michael_Chang_0006.jpg 1
Vicente_Fox/Vicente_Fox_0028.jpg Kathryn_Bigelow/Kathryn_Bigelow_0001.jpg 0
Diana_Krall/Diana_Krall_0006.jpg John_McCormack/John_McCormack_0002.jpg 0
Jiang_Zemin/Jiang_Zemin_0013.jpg Charles_Taylor/Charles_Taylor_0008.jpg 0
Rudolph_Giuliani/Rudolph_Giuliani_0018.jpg Carlos_Savedra/Carlos_Savedra_0001.jpg 0
Kofi_Annan/Kofi_Annan_0009.jpg Shafal_Mosed/Shafal_Mosed_0001.jpg 0
Duane_Lee_Chapman/Duane_Lee_Chapman_0002.jpg Jeffrey_Pfeffer/Jeffrey_Pfeffer_0001.jpg 0
Glafcos_Clerides/Glafcos_Clerides_0001.jpg Colin_Powell/Colin_Powell_0026.jpg 0
Tomoko_Hagiwara/Tomoko_Hagiwara_0001.jpg Chung_Mong-joon/Chung_Mong-joon_0002.jpg 0
Charles_Bronson/Charles_Bronson_0002.jpg Charles_Bronson/Charles_Bronson_0002.jpg 1
Larry_Campbell/Larry_Campbell_0001.jpg Angelo_Reyes/Angelo_Reyes_0002.jpg 0
Li_Peng/Li_Peng_0004.jpg Diana_Taurasi/Diana_Taurasi_0002.jpg 0
Tony_Blair/Tony_Blair_0020.jpg Mike_Krzyzewski/Mike_Krzyzewski_0004.jpg 0
Larry_Ellison/Larry_Ellison_0003.jpg Colin_Powell/Colin_Powell_0018.jpg 0
Vladimir_Putin/Vladimir_Putin_0041.jpg Vladimir_Putin/Vladimir_Putin_0033.jpg 1
Paul_Gascoigne/Paul_Gascoigne_0001.jpg Paul_Gascoigne/Paul_Gascoigne_0001.jpg 1
Jennifer_Connelly/Jennifer_Connelly_0002.jpg Kate_Capshaw/Kate_Capshaw_0002.jpg 0
Richard_Myers/Richard_Myers_0002.jpg Colin_Powell/Colin_Powell_0051.jpg 0
George_W_Bush/George_W_Bush_0488.jpg George_W_Bush/George_W_Bush_0455.jpg 1
Norah_Jones/Norah_Jones_0015.jpg Norah_Jones/Norah_Jones_0012.jpg 1
Kim_Weeks/Kim_Weeks_0001.jpg Kim_Weeks/Kim_Weeks_0001.jpg 1
Vaclav_Havel/Vaclav_Havel_0007.jpg Colin_Powell/Colin_Powell_0165.jpg 0
Adam_Kennedy/Adam_Kennedy_0001.jpg Adam_Kennedy/Adam_Kennedy_0001.jpg 1
Binyamin_Ben-Eliezer/Binyamin_Ben-Eliezer_0007.jpg Lleyton_Hewitt/Lleyton_Hewitt_0011.jpg 0
Robert_Beck/Robert_Beck_0001.jpg Jada_Pinkett_Smith/Jada_Pinkett_Smith_0002.jpg 0
Sergio_Vieira_De_Mello/Sergio_Vieira_De_Mello_0007.jpg Lennart_Johansson/Lennart_Johansson_0001.jpg 0
Chang_Tso/Chang_Tso_0001.jpg Peter_Rasch/Peter_Rasch_0001.jpg 0
Jane_Pauley/Jane_Pauley_0001.jpg Drew_Barrymore/Drew_Barrymore_0001.jpg 0
Riccardo_Muti/Riccardo_Muti_0001.jpg Riccardo_Muti/Riccardo_Muti_0001.jpg 1
Serena_Williams/Serena_Williams_0030.jpg Daisy_Fuentes/Daisy_Fuentes_0004.jpg 0
Donald_Rumsfeld/Donald_Rumsfeld_0063.jpg Donald_Rumsfeld/Donald_Rumsfeld_0007.jpg 1
Nona_Gaye/Nona_Gaye_0001.jpg Nona_Gaye/Nona_Gaye_0001.jpg 1
Juan_Carlos_Ferrero/Juan_Carlos_Ferrero_0002.jpg Naomi_Watts/Naomi_Watts_0021.jpg 0
George_W_Bush/George_W_Bush_0238.jpg Tatiana_Paus/Tatiana_Paus_0001.jpg 0
Eunice_Barber/Eunice_Barber_0002.jpg Eunice_Barber/Eunice_Barber_0002.jpg 1
Abdullah_Gul/Abdullah_Gul_0010.jpg Abdullah_Gul/Abdullah_Gul_0008.jpg 1
John_Negroponte/John_Negroponte_0009.jpg Gonzalo_Barrientos/Gonzalo_Barrientos_0001.jpg 0
Jonathan_Mostow/Jonathan_Mostow_0002.jpg Gong_Li/Gong_Li_0001.jpg 0
Guus_Hiddink/Guus_Hiddink_0001.jpg Guus_Hiddink/Guus_Hiddink_0001.jpg 1
Sammy_Sosa/Sammy_Sosa_0001.jpg Steve-O/Steve-O_0001.jpg 0
Luiz_Inacio_Lula_da_Silva/Luiz_Inacio_Lula_da_Silva_0021.jpg Luiz_Inacio_Lula_da_Silva/Luiz_Inacio_Lula_da_Silva_0042.jpg 1
Elijah_Wood/Elijah_Wood_0002.jpg Donald_Rumsfeld/Donald_Rumsfeld_0039.jpg 0
Kevin_Nealon/Kevin_Nealon_0001.jpg Kevin_Nealon/Kevin_Nealon_0001.jpg 1
Charlotte_Church/Charlotte_Church_0001.jpg John_Kerry/John_Kerry_0014.jpg 0
Gene_Orza/Gene_Orza_0001.jpg Megan_Mullally/Megan_Mullally_0001.jpg 0
Silvio_Berlusconi/Silvio_Berlusconi_0010.jpg Silvio_Berlusconi/Silvio_Berlusconi_0017.jpg 1
Uzi_Even/Uzi_Even_0001.jpg Uzi_Even/Uzi_Even_0001.jpg 1
Lori_Berenson/Lori_Berenson_0001.jpg George_W_Bush/George_W_Bush_0046.jpg 0
Mark_Hurlbert/Mark_Hurlbert_0001.jpg Maria_Shriver/Maria_Shriver_0002.jpg 0
Jean-Francois_Pontal/Jean-Francois_Pontal_0001.jpg Ray_Romano/Ray_Romano_0007.jpg 0
Danielle_Spencer/Danielle_Spencer_0001.jpg Danielle_Spencer/Danielle_Spencer_0001.jpg 1
JK_Rowling/JK_Rowling_0005.jpg Valerie_Harper/Valerie_Harper_0002.jpg 0
Glafcos_Clerides/Glafcos_Clerides_0001.jpg Glafcos_Clerides/Glafcos_Clerides_0001.jpg 1
Matt_Damon/Matt_Damon_0001.jpg Alicia_Molik/Alicia_Molik_0001.jpg 0
Sarah_Michelle_Gellar/Sarah_Michelle_Gellar_0003.jpg Vladimir_Putin/Vladimir_Putin_0032.jpg 0
Donald_Rumsfeld/Donald_Rumsfeld_0003.jpg Vladimir_Putin/Vladimir_Putin_0033.jpg 0
Pedro_Almodovar/Pedro_Almodovar_0002.jpg Olivia_Newton-John/Olivia_Newton-John_0001.jpg 0
Dale_Earnhardt_Jr/Dale_Earnhardt_Jr_0004.jpg Dale_Earnhardt_Jr/Dale_Earnhardt_Jr_0004.jpg 1
Erik_Morales/Erik_Morales_0003.jpg Chris_Reitsma/Chris_Reitsma_0001.jpg 0
John_Ashcroft/John_Ashcroft_0031.jpg John_Ashcroft/John_Ashcroft_0039.jpg 1
John_Negroponte/John_Negroponte_0026.jpg Martina_McBride/Martina_McBride_0001.jpg 0
Tony_Blair/Tony_Blair_0106.jpg Roh_Moo-hyun/Roh_Moo-hyun_0014.jpg 0
Tony_Blair/Tony_Blair_0034.jpg Tony_Blair/Tony_Blair_0098.jpg 1
Gloria_Macapagal_Arroyo/Gloria_Macapagal_Arroyo_0011.jpg John_Ashcroft/John_Ashcroft_0004.jpg 0
Osrat_Iosef/Osrat_Iosef_0001.jpg Osrat_Iosef/Osrat_Iosef_0001.jpg 1
Jim_Leach/Jim_Leach_0001.jpg Jim_Leach/Jim_Leach_0001.jpg 1
Martin_Boryczewski/Martin_Boryczewski_0001.jpg Martin_Boryczewski/Martin_Boryczewski_0001.jpg 1
Oprah_Winfrey/Oprah_Winfrey_0004.jpg Danielle_Spencer/Danielle_Spencer_0001.jpg 0
Colin_Powell/Colin_Powell_0028.jpg Colin_Powell/Colin_Powell_0051.jpg 1
Juan_Carlos_Ferrero/Juan_Carlos_Ferrero_0004.jpg Dai_Bachtiar/Dai_Bachtiar_0002.jpg 0
Pedro_Malan/Pedro_Malan_0001.jpg Andre_Agassi/Andre_Agassi_0019.jpg 0
Donald_Rumsfeld/Donald_Rumsfeld_0028.jpg Donald_Rumsfeld/Donald_Rumsfeld_0034.jpg 1
Dominique_de_Villepin/Dominique_de_Villepin_0002.jpg Andrew_Wetzler/Andrew_Wetzler_0001.jpg 0
Stephen_Daldry/Stephen_Daldry_0002.jpg Cate_Blanchett/Cate_Blanchett_0004.jpg 0
George_W_Bush/George_W_Bush_0206.jpg Zhu_Rongji/Zhu_Rongji_0004.jpg 0
John_Ashcroft/John_Ashcroft_0045.jpg John_Ashcroft/John_Ashcroft_0052.jpg 1
Alistair_MacDonald/Alistair_MacDonald_0001.jpg Alistair_MacDonald/Alistair_MacDonald_0001.jpg 1
Julianne_Moore/Julianne_Moore_0016.jpg Jim_Thome/Jim_Thome_0001.jpg 0
Keanu_Reeves/Keanu_Reeves_0012.jpg Keanu_Reeves/Keanu_Reeves_0012.jpg 1
Ishaq_Shahryar/Ishaq_Shahryar_0001.jpg Pierce_Brosnan/Pierce_Brosnan_0011.jpg 0
Timothy_Wirth/Timothy_Wirth_0001.jpg Jason_Statham/Jason_Statham_0001.jpg 0
Donald_Rumsfeld/Donald_Rumsfeld_0051.jpg Donald_Rumsfeld/Donald_Rumsfeld_0006.jpg 1
Colin_Farrell/Colin_Farrell_0004.jpg Randall_Tobias/Randall_Tobias_0001.jpg 0
Jason_Kidd/Jason_Kidd_0005.jpg Jason_Kidd/Jason_Kidd_0005.jpg 1
Stephen_Ebberharter/Stephen_Ebberharter_0001.jpg Taufik_Hidayat/Taufik_Hidayat_0002.jpg 0
Wilfredo_Moreno/Wilfredo_Moreno_0001.jpg Mikhail_Kalashnikov/Mikhail_Kalashnikov_0001.jpg 0
Robert_Beck/Robert_Beck_0001.jpg George_W_Bush/George_W_Bush_0392.jpg 0
David_Shayler/David_Shayler_0001.jpg David_Shayler/David_Shayler_0001.jpg 1
Gordon_Brown/Gordon_Brown_0006.jpg Gordon_Brown/Gordon_Brown_0006.jpg 1
Claire_Leger/Claire_Leger_0001.jpg Hosni_Mubarak/Hosni_Mubarak_0009.jpg 0
Robert_De_Niro/Robert_De_Niro_0005.jpg Robert_De_Niro/Robert_De_Niro_0005.jpg 1
Izzat_Ibrahim/Izzat_Ibrahim_0001.jpg James_Butts/James_Butts_0001.jpg 0
John_Negroponte/John_Negroponte_0009.jpg Chuck_Amato/Chuck_Amato_0002.jpg 0
Michael_Bolton/Michael_Bolton_0001.jpg Mike_OConnell/Mike_OConnell_0001.jpg 0
Vincent_Sombrotto/Vincent_Sombrotto_0001.jpg Uma_Thurman/Uma_Thurman_0001.jpg 0
George_W_Bush/George_W_Bush_0502.jpg Martha_Burk/Martha_Burk_0001.jpg 0
Donald_Rumsfeld/Donald_Rumsfeld_0028.jpg Jason_Statham/Jason_Statham_0001.jpg 0
Xiang_Xu/Xiang_Xu_0001.jpg George_W_Bush/George_W_Bush_0012.jpg 0
Robert_Horan/Robert_Horan_0002.jpg Robert_Horan/Robert_Horan_0002.jpg 1
Simon_Yam/Simon_Yam_0001.jpg Jiang_Zemin/Jiang_Zemin_0004.jpg 0
Juan_Manuel_Marquez/Juan_Manuel_Marquez_0003.jpg Colin_Powell/Colin_Powell_0059.jpg 0
Ari_Fleischer/Ari_Fleischer_0008.jpg Larry_Brown/Larry_Brown_0007.jpg 0
Hilary_Duff/Hilary_Duff_0002.jpg Halle_Berry/Halle_Berry_0002.jpg 0
David_Hannay/David_Hannay_0001.jpg Prince_Willem-Alexander/Prince_Willem-Alexander_0003.jpg 0
Pete_Carroll/Pete_Carroll_0003.jpg Coretta_Scott_King/Coretta_Scott_King_0001.jpg 0
Juliette_Binoche/Juliette_Binoche_0001.jpg Juliette_Binoche/Juliette_Binoche_0001.jpg 1
Juergen_Trittin/Juergen_Trittin_0001.jpg Sophia_Loren/Sophia_Loren_0001.jpg 0
Andrew_Bernard/Andrew_Bernard_0001.jpg Colin_Powell/Colin_Powell_0067.jpg 0
Luiz_Inacio_Lula_da_Silva/Luiz_Inacio_Lula_da_Silva_0030.jpg Luiz_Inacio_Lula_da_Silva/Luiz_Inacio_Lula_da_Silva_0021.jpg 1
Rick_Romley/Rick_Romley_0001.jpg Marc_Grossman/Marc_Grossman_0002.jpg 0
Dwayne_Johnson/Dwayne_Johnson_0002.jpg George_W_Bush/George_W_Bush_0244.jpg 0
George_W_Bush/George_W_Bush_0342.jpg Intisar_Ajouri/Intisar_Ajouri_0003.jpg 0
Paula_Dobriansky/Paula_Dobriansky_0001.jpg Paula_Dobriansky/Paula_Dobriansky_0001.jpg 1
Luiz_Inacio_Lula_da_Silva/Luiz_Inacio_Lula_da_Silva_0019.jpg Christina_Aguilera/Christina_Aguilera_0003.jpg 0
Wen_Jiabao/Wen_Jiabao_0008.jpg Wen_Jiabao/Wen_Jiabao_0002.jpg 1
Ken_Watanabe/Ken_Watanabe_0001.jpg Ken_Watanabe/Ken_Watanabe_0001.jpg 1
Mitchell_Daniels/Mitchell_Daniels_0002.jpg Mitchell_Daniels/Mitchell_Daniels_0002.jpg 1
Hugh_Grant/Hugh_Grant_0001.jpg Adam_Kennedy/Adam_Kennedy_0001.jpg 0
Peter_Goldmark/Peter_Goldmark_0001.jpg Peter_Goldmark/Peter_Goldmark_0001.jpg 1
William_Morrow/William_Morrow_0001.jpg William_Morrow/William_Morrow_0001.jpg 1
Hosni_Mubarak/Hosni_Mubarak_0002.jpg Cesar_Gaviria/Cesar_Gaviria_0002.jpg 0
Steffi_Graf/Steffi_Graf_0003.jpg Kofi_Annan/Kofi_Annan_0018.jpg 0
Victor_Hanescu/Victor_Hanescu_0001.jpg Chris_Tucker/Chris_Tucker_0001.jpg 0
Demi_Moore/Demi_Moore_0002.jpg Isaiah_Washington/Isaiah_Washington_0002.jpg 0
Tony_Blair/Tony_Blair_0138.jpg Tony_Blair/Tony_Blair_0034.jpg 1
Mohammad_Khatami/Mohammad_Khatami_0008.jpg Mohammad_Khatami/Mohammad_Khatami_0008.jpg 1
George_W_Bush/George_W_Bush_0458.jpg George_W_Bush/George_W_Bush_0056.jpg 1
Martin_ONeill/Martin_ONeill_0001.jpg Alexander_Losyukov/Alexander_Losyukov_0003.jpg 0
Scott_Rudin/Scott_Rudin_0002.jpg Mary_Lou_Retton/Mary_Lou_Retton_0001.jpg 0
Elizabeth_Smart/Elizabeth_Smart_0005.jpg Elizabeth_Smart/Elizabeth_Smart_0005.jpg 1
Katherine_Harris/Katherine_Harris_0002.jpg Katherine_Harris/Katherine_Harris_0002.jpg 1
George_W_Bush/George_W_Bush_0409.jpg George_W_Bush/George_W_Bush_0238.jpg 1
Kathleen_Abernathy/Kathleen_Abernathy_0001.jpg Kathleen_Abernathy/Kathleen_Abernathy_0001.jpg 1
Hugh_Grant/Hugh_Grant_0009.jpg Hugo_Chavez/Hugo_Chavez_0044.jpg 0
Michael_Bloomberg/Michael_Bloomberg_0015.jpg Sammy_Sosa/Sammy_Sosa_0001.jpg 0
Woody_Allen/Woody_Allen_0005.jpg Hestrie_Cloette/Hestrie_Cloette_0001.jpg 0
Miguel_Aldana_Ibarra/Miguel_Aldana_Ibarra_0001.jpg Adam_Mair/Adam_Mair_0001.jpg 0
Martin_Cauchon/Martin_Cauchon_0001.jpg John_Ashcroft/John_Ashcroft_0051.jpg 0
Luis_Figo/Luis_Figo_0001.jpg Luis_Figo/Luis_Figo_0001.jpg 1
Jimmy_Carter/Jimmy_Carter_0004.jpg George_W_Bush/George_W_Bush_0325.jpg 0
Janette_Husarova/Janette_Husarova_0001.jpg Janette_Husarova/Janette_Husarova_0001.jpg 1
Mahathir_Mohamad/Mahathir_Mohamad_0002.jpg Mahathir_Mohamad/Mahathir_Mohamad_0004.jpg 1
Sam_Torrance/Sam_Torrance_0001.jpg Monica_Seles/Monica_Seles_0003.jpg 0
Al_Sharpton/Al_Sharpton_0006.jpg Al_Sharpton/Al_Sharpton_0006.jpg 1
Mathilda_Karel_Spak/Mathilda_Karel_Spak_0001.jpg Michael_Phelps/Michael_Phelps_0005.jpg 0
Tang_Jiaxuan/Tang_Jiaxuan_0006.jpg Fernando_Leon_de_Aranoa/Fernando_Leon_de_Aranoa_0001.jpg 0
Abdullah_Gul/Abdullah_Gul_0018.jpg Arsinee_Khanjian/Arsinee_Khanjian_0002.jpg 0
Colin_Powell/Colin_Powell_0028.jpg Paula_Dobriansky/Paula_Dobriansky_0001.jpg 0
Dennis_Hastert/Dennis_Hastert_0006.jpg Dennis_Hastert/Dennis_Hastert_0006.jpg 1
George_W_Bush/George_W_Bush_0515.jpg Laura_Bush/Laura_Bush_0030.jpg 0
George_W_Bush/George_W_Bush_0259.jpg George_W_Bush/George_W_Bush_0480.jpg 1
Tony_Blair/Tony_Blair_0138.jpg Bulent_Ecevit/Bulent_Ecevit_0006.jpg 0
Val_Ackerman/Val_Ackerman_0001.jpg Hugo_Chavez/Hugo_Chavez_0056.jpg 0
Marian_Dolan/Marian_Dolan_0001.jpg Gary_Condit/Gary_Condit_0001.jpg 0
Pedro_Almodovar/Pedro_Almodovar_0007.jpg Pedro_Almodovar/Pedro_Almodovar_0002.jpg 1
Spencer_Abraham/Spencer_Abraham_0015.jpg Spencer_Abraham/Spencer_Abraham_0010.jpg 1
Herta_Daeubler-Gmelin/Herta_Daeubler-Gmelin_0002.jpg Naomi_Watts/Naomi_Watts_0002.jpg 0
Gerhard_Schroeder/Gerhard_Schroeder_0028.jpg Shane_Hmiel/Shane_Hmiel_0001.jpg 0
Hilary_Duff/Hilary_Duff_0002.jpg Hilary_Duff/Hilary_Duff_0002.jpg 1
Donald_Rumsfeld/Donald_Rumsfeld_0081.jpg Colin_Phillips/Colin_Phillips_0001.jpg 0
Juanes/Juanes_0001.jpg Juanes/Juanes_0002.jpg 1
Jong_Wook_Lee/Jong_Wook_Lee_0004.jpg Jong_Wook_Lee/Jong_Wook_Lee_0004.jpg 1
Alexander_Downer/Alexander_Downer_0004.jpg George_W_Bush/George_W_Bush_0017.jpg 0
Mary_Lou_Retton/Mary_Lou_Retton_0001.jpg Jeong_Se-hyun/Jeong_Se-hyun_0008.jpg 0
Tim_Henman/Tim_Henman_0017.jpg Stephen_Arigbabu/Stephen_Arigbabu_0001.jpg 0
Luis_Ernesto_Derbez_Bautista/Luis_Ernesto_Derbez_Bautista_0002.jpg Luis_Ernesto_Derbez_Bautista/Luis_Ernesto_Derbez_Bautista_0002.jpg 1
Dalai_Lama/Dalai_Lama_0002.jpg David_Sibleyk/David_Sibleyk_0001.jpg 0
Serena_Williams/Serena_Williams_0051.jpg Fernando_Henrique_Cardoso/Fernando_Henrique_Cardoso_0002.jpg 0
Tom_McClintock/Tom_McClintock_0001.jpg Kelvin_Sampson/Kelvin_Sampson_0002.jpg 0
Hugo_Chavez/Hugo_Chavez_0044.jpg Mathias_Reichhold/Mathias_Reichhold_0001.jpg 0
Paul_Shanley/Paul_Shanley_0001.jpg Paul_Shanley/Paul_Shanley_0001.jpg 1
Laura_Bush/Laura_Bush_0033.jpg Pervez_Musharraf/Pervez_Musharraf_0013.jpg 0
Fidel_Castro/Fidel_Castro_0009.jpg Aly_Wagner/Aly_Wagner_0001.jpg 0
Elena_Dementieva/Elena_Dementieva_0001.jpg Elena_Dementieva/Elena_Dementieva_0001.jpg 1
Luis_Ernesto_Derbez_Bautista/Luis_Ernesto_Derbez_Bautista_0001.jpg Don_Matthews/Don_Matthews_0001.jpg 0
Colin_Powell/Colin_Powell_0165.jpg Colin_Powell/Colin_Powell_0141.jpg 1
Kathleen_Kennedy_Townsend/Kathleen_Kennedy_Townsend_0002.jpg Juan_Carlos_Ferrero/Juan_Carlos_Ferrero_0020.jpg 0
Adolfo_Aguilar_Zinser/Adolfo_Aguilar_Zinser_0003.jpg Adolfo_Aguilar_Zinser/Adolfo_Aguilar_Zinser_0003.jpg 1
James_Hoffa/James_Hoffa_0001.jpg Ari_Fleischer/Ari_Fleischer_0013.jpg 0
Jean-Claude_Trichet/Jean-Claude_Trichet_0001.jpg Davis_Love_III/Davis_Love_III_0001.jpg 0
George_W_Bush/George_W_Bush_0385.jpg George_W_Bush/George_W_Bush_0518.jpg 1
Manuel_Rosendo/Manuel_Rosendo_0001.jpg Manuel_Rosendo/Manuel_Rosendo_0001.jpg 1
Thomas_OBrien/Thomas_OBrien_0006.jpg Chris_Matthews/Chris_Matthews_0001.jpg 0
David_Duke/David_Duke_0001.jpg David_Duke/David_Duke_0001.jpg 1
Lin_Yung_Hsi/Lin_Yung_Hsi_0001.jpg Tim_Henman/Tim_Henman_0001.jpg 0
Enos_Slaughter/Enos_Slaughter_0001.jpg Craig_Wilson/Craig_Wilson_0001.jpg 0
Felipe_Perez_Roque/Felipe_Perez_Roque_0003.jpg Felipe_Perez_Roque/Felipe_Perez_Roque_0003.jpg 1
Martha_Stewart/Martha_Stewart_0001.jpg Martha_Stewart/Martha_Stewart_0001.jpg 1
Jennifer_Capriati/Jennifer_Capriati_0013.jpg Jennifer_Capriati/Jennifer_Capriati_0004.jpg 1
Jack_Straw/Jack_Straw_0018.jpg Jorge_Enrique_Jimenez/Jorge_Enrique_Jimenez_0001.jpg 0
Manuel_Rosendo/Manuel_Rosendo_0001.jpg Gloria_Macapagal_Arroyo/Gloria_Macapagal_Arroyo_0018.jpg 0
Natasha_McElhone/Natasha_McElhone_0001.jpg Natasha_McElhone/Natasha_McElhone_0001.jpg 1
Li_Peng/Li_Peng_0004.jpg Pedro_Malan/Pedro_Malan_0001.jpg 0
Anja_Paerson/Anja_Paerson_0001.jpg George_W_Bush/George_W_Bush_0381.jpg 0
Luiz_Inacio_Lula_da_Silva/Luiz_Inacio_Lula_da_Silva_0019.jpg Luiz_Inacio_Lula_da_Silva/Luiz_Inacio_Lula_da_Silva_0037.jpg 1
Colin_Powell/Colin_Powell_0162.jpg Tony_Blair/Tony_Blair_0130.jpg 0
George_W_Bush/George_W_Bush_0524.jpg Jeb_Bush/Jeb_Bush_0001.jpg 0
Colin_Powell/Colin_Powell_0065.jpg Colin_Powell/Colin_Powell_0032.jpg 1
Megawati_Sukarnoputri/Megawati_Sukarnoputri_0028.jpg Ed_Smart/Ed_Smart_0003.jpg 0
Donald_Fehr/Donald_Fehr_0003.jpg Donald_Fehr/Donald_Fehr_0003.jpg 1
Christine_Todd_Whitman/Christine_Todd_Whitman_0005.jpg George_W_Bush/George_W_Bush_0173.jpg 0
Jimmy_Carter/Jimmy_Carter_0001.jpg Jimmy_Carter/Jimmy_Carter_0004.jpg 1
Jean_Chretien/Jean_Chretien_0012.jpg Jean_Chretien/Jean_Chretien_0046.jpg 1
Nick_Cassavetes/Nick_Cassavetes_0001.jpg Nick_Cassavetes/Nick_Cassavetes_0001.jpg 1
Mahathir_Mohamad/Mahathir_Mohamad_0003.jpg Mahathir_Mohamad/Mahathir_Mohamad_0004.jpg 1
Hugo_Chavez/Hugo_Chavez_0047.jpg Thomas_Rupprath/Thomas_Rupprath_0002.jpg 0
George_W_Bush/George_W_Bush_0104.jpg George_W_Bush/George_W_Bush_0089.jpg 1
John_Ashcroft/John_Ashcroft_0042.jpg Nestor_Santillan/Nestor_Santillan_0001.jpg 0
Paul_Wals/Paul_Wals_0001.jpg Jennifer_Capriati/Jennifer_Capriati_0020.jpg 0
Gisele_Bundchen/Gisele_Bundchen_0001.jpg Gisele_Bundchen/Gisele_Bundchen_0001.jpg 1
Bill_Gates/Bill_Gates_0013.jpg Bill_Gates/Bill_Gates_0010.jpg 1
Ari_Fleischer/Ari_Fleischer_0009.jpg Ari_Fleischer/Ari_Fleischer_0008.jpg 1
Amelie_Mauresmo/Amelie_Mauresmo_0018.jpg John_Ashcroft/John_Ashcroft_0020.jpg 0
Michael_Schumacher/Michael_Schumacher_0001.jpg Bill_Clinton/Bill_Clinton_0003.jpg 0
Jack_Straw/Jack_Straw_0005.jpg Alicia_Molik/Alicia_Molik_0001.jpg 0
Doris_Roberts/Doris_Roberts_0003.jpg Harry_Schmidt/Harry_Schmidt_0003.jpg 0
Kelly_Osbourne/Kelly_Osbourne_0001.jpg George_W_Bush/George_W_Bush_0479.jpg 0
Michael_Chiklis/Michael_Chiklis_0004.jpg Tom_Daschle/Tom_Daschle_0013.jpg 0
Alex_Cabrera/Alex_Cabrera_0001.jpg Alex_Cabrera/Alex_Cabrera_0001.jpg 1
John_Ashcroft/John_Ashcroft_0045.jpg Fabricio_Oberto/Fabricio_Oberto_0001.jpg 0
Herbert_Haupt/Herbert_Haupt_0001.jpg Irina_Lobacheva/Irina_Lobacheva_0001.jpg 0
Alejandro_Lopez/Alejandro_Lopez_0001.jpg Marquis_Estill/Marquis_Estill_0001.jpg 0
Mahathir_Mohamad/Mahathir_Mohamad_0004.jpg Brad_Russ/Brad_Russ_0001.jpg 0
Tom_Brady/Tom_Brady_0001.jpg Tom_Brady/Tom_Brady_0001.jpg 1
David_Coulthard/David_Coulthard_0002.jpg Gary_Doer/Gary_Doer_0001.jpg 0
Kim_Clijsters/Kim_Clijsters_0008.jpg Jacques_Rogge/Jacques_Rogge_0002.jpg 0
Julie_Gerberding/Julie_Gerberding_0015.jpg Brad_Russ/Brad_Russ_0001.jpg 0
Paul_ONeill/Paul_ONeill_0004.jpg Paul_ONeill/Paul_ONeill_0003.jpg 1
Tom_Welch/Tom_Welch_0001.jpg Tom_Welch/Tom_Welch_0001.jpg 1
George_W_Bush/George_W_Bush_0479.jpg Andrei_Konchalovsky/Andrei_Konchalovsky_0001.jpg 0
Joseph_Estrada/Joseph_Estrada_0003.jpg Jennifer_Capriati/Jennifer_Capriati_0020.jpg 0
James_Blake/James_Blake_0011.jpg James_Blake/James_Blake_0012.jpg 1
Dalai_Lama/Dalai_Lama_0002.jpg Dalai_Lama/Dalai_Lama_0002.jpg 1
Hugo_Chavez/Hugo_Chavez_0048.jpg Hugo_Chavez/Hugo_Chavez_0043.jpg 1
John_Mayer/John_Mayer_0001.jpg Emmanuel_Milingo/Emmanuel_Milingo_0001.jpg 0
Tommy_Franks/Tommy_Franks_0015.jpg Tony_Blair/Tony_Blair_0034.jpg 0
Ed_Smart/Ed_Smart_0003.jpg Ed_Smart/Ed_Smart_0003.jpg 1
Tony_Blair/Tony_Blair_0044.jpg Adrianna_Zuzic/Adrianna_Zuzic_0001.jpg 0
Colin_Powell/Colin_Powell_0129.jpg Colin_Powell/Colin_Powell_0026.jpg 1
Sebastian_Porto/Sebastian_Porto_0001.jpg Sebastian_Porto/Sebastian_Porto_0001.jpg 1
Paul_Wolfowitz/Paul_Wolfowitz_0007.jpg Dominique_de_Villepin/Dominique_de_Villepin_0005.jpg 0
Donald_Anderson/Donald_Anderson_0001.jpg Donald_Anderson/Donald_Anderson_0001.jpg 1
Paula_Radcliffe/Paula_Radcliffe_0003.jpg Paula_Radcliffe/Paula_Radcliffe_0003.jpg 1
Donald_Rumsfeld/Donald_Rumsfeld_0044.jpg Tony_Cummo/Tony_Cummo_0001.jpg 0
Martina_McBride/Martina_McBride_0001.jpg Martina_McBride/Martina_McBride_0001.jpg 1
John_Williams/John_Williams_0001.jpg Janet_Napolitano/Janet_Napolitano_0001.jpg 0
Tony_Blair/Tony_Blair_0138.jpg Colin_Powell/Colin_Powell_0157.jpg 0
Jiang_Zemin/Jiang_Zemin_0004.jpg Jennifer_Tilly/Jennifer_Tilly_0001.jpg 0
Silvio_Berlusconi/Silvio_Berlusconi_0018.jpg Silvio_Berlusconi/Silvio_Berlusconi_0011.jpg 1
Andrew_Wetzler/Andrew_Wetzler_0001.jpg Elin_Nordegren/Elin_Nordegren_0002.jpg 0
Mike_Holmgren/Mike_Holmgren_0002.jpg Mike_Holmgren/Mike_Holmgren_0002.jpg 1
Scott_Gorelick/Scott_Gorelick_0001.jpg Carolyn_Dawn_Johnson/Carolyn_Dawn_Johnson_0002.jpg 0
Valerie_Harper/Valerie_Harper_0001.jpg Valerie_Harper/Valerie_Harper_0002.jpg 1
Richard_Armitage/Richard_Armitage_0006.jpg Jennifer_Garner/Jennifer_Garner_0002.jpg 0
Anton_Balasingham/Anton_Balasingham_0001.jpg Anton_Balasingham/Anton_Balasingham_0001.jpg 1
Silvio_Berlusconi/Silvio_Berlusconi_0017.jpg Phil_Bredesen/Phil_Bredesen_0001.jpg 0
Stacey_Yamaguchi/Stacey_Yamaguchi_0001.jpg Stacey_Yamaguchi/Stacey_Yamaguchi_0001.jpg 1
Clint_Eastwood/Clint_Eastwood_0003.jpg Clint_Eastwood/Clint_Eastwood_0003.jpg 1
Fidel_Castro/Fidel_Castro_0009.jpg Fidel_Castro/Fidel_Castro_0009.jpg 1
Carlos_Salinas/Carlos_Salinas_0001.jpg Arminio_Fraga/Arminio_Fraga_0003.jpg 0
Jean_Chretien/Jean_Chretien_0010.jpg Jean_Chretien/Jean_Chretien_0034.jpg 1
Zico/Zico_0001.jpg Olivia_Newton-John/Olivia_Newton-John_0002.jpg 0
Junichiro_Koizumi/Junichiro_Koizumi_0009.jpg Junichiro_Koizumi/Junichiro_Koizumi_0052.jpg 1
Chante_Jawan_Mallard/Chante_Jawan_Mallard_0001.jpg Recep_Tayyip_Erdogan/Recep_Tayyip_Erdogan_0019.jpg 0
Alastair_Campbell/Alastair_Campbell_0003.jpg George_W_Bush/George_W_Bush_0480.jpg 0
Zahir_Shah/Zahir_Shah_0001.jpg Zahir_Shah/Zahir_Shah_0001.jpg 1
Leonardo_Fernandez/Leonardo_Fernandez_0001.jpg Edwina_Currie/Edwina_Currie_0002.jpg 0
Kyle_McLaren/Kyle_McLaren_0001.jpg Ariel_Sharon/Ariel_Sharon_0011.jpg 0
George_W_Bush/George_W_Bush_0195.jpg George_W_Bush/George_W_Bush_0468.jpg 1
George_W_Bush/George_W_Bush_0504.jpg Ariel_Sharon/Ariel_Sharon_0055.jpg 0
Adam_Mair/Adam_Mair_0001.jpg Adam_Mair/Adam_Mair_0001.jpg 1
Hamid_Karzai/Hamid_Karzai_0020.jpg Hamid_Karzai/Hamid_Karzai_0002.jpg 1
Gustavo_Franco/Gustavo_Franco_0001.jpg Sharon_Frey/Sharon_Frey_0001.jpg 0
Dinora_Rosales/Dinora_Rosales_0001.jpg Dinora_Rosales/Dinora_Rosales_0001.jpg 1
Rodney_Rempt/Rodney_Rempt_0001.jpg John_Negroponte/John_Negroponte_0026.jpg 0
Emmanuel_Milingo/Emmanuel_Milingo_0001.jpg Jeffrey_Pfeffer/Jeffrey_Pfeffer_0001.jpg 0
Jennifer_Connelly/Jennifer_Connelly_0001.jpg Jim_Cantalupo/Jim_Cantalupo_0001.jpg 0
Timothy_Rigas/Timothy_Rigas_0001.jpg Timothy_Rigas/Timothy_Rigas_0001.jpg 1
Jennifer_Capriati/Jennifer_Capriati_0030.jpg Jennifer_Capriati/Jennifer_Capriati_0005.jpg 1
Robert_De_Niro/Robert_De_Niro_0005.jpg Leslie_Caldwell/Leslie_Caldwell_0003.jpg 0
Park_Na-kyong/Park_Na-kyong_0001.jpg Charlton_Heston/Charlton_Heston_0003.jpg 0
Naomi_Bronstein/Naomi_Bronstein_0001.jpg Naomi_Bronstein/Naomi_Bronstein_0001.jpg 1
Paul_Sarbanes/Paul_Sarbanes_0002.jpg Paul_Sarbanes/Paul_Sarbanes_0002.jpg 1
Taufik_Hidayat/Taufik_Hidayat_0002.jpg Gerhard_Schroeder/Gerhard_Schroeder_0102.jpg 0
George_W_Bush/George_W_Bush_0459.jpg Colin_Powell/Colin_Powell_0067.jpg 0
Erin_Brockovich/Erin_Brockovich_0001.jpg Erika_Harold/Erika_Harold_0004.jpg 0
Carla_Del_Ponte/Carla_Del_Ponte_0005.jpg Sergey_Lavrov/Sergey_Lavrov_0011.jpg 0
Susilo_Bambang_Yudhoyono/Susilo_Bambang_Yudhoyono_0004.jpg Susilo_Bambang_Yudhoyono/Susilo_Bambang_Yudhoyono_0004.jpg 1
George_W_Bush/George_W_Bush_0409.jpg Peter_Mullan/Peter_Mullan_0001.jpg 0
Leonardo_DiCaprio/Leonardo_DiCaprio_0004.jpg Leonardo_DiCaprio/Leonardo_DiCaprio_0005.jpg 1
Paul_Sarbanes/Paul_Sarbanes_0001.jpg Mark_Hurlbert/Mark_Hurlbert_0001.jpg 0
Kofi_Annan/Kofi_Annan_0031.jpg Edmund_Stoiber/Edmund_Stoiber_0001.jpg 0
Lance_Armstrong/Lance_Armstrong_0006.jpg Jackie_Chan/Jackie_Chan_0012.jpg 0
John_Ashcroft/John_Ashcroft_0051.jpg John_Ashcroft/John_Ashcroft_0005.jpg 1
Peter_Struck/Peter_Struck_0004.jpg Peter_Struck/Peter_Struck_0004.jpg 1
Colin_Powell/Colin_Powell_0067.jpg Gong_Li/Gong_Li_0001.jpg 0
Jong_Thae_Hwa/Jong_Thae_Hwa_0002.jpg George_W_Bush/George_W_Bush_0464.jpg 0
Michael_Bloomberg/Michael_Bloomberg_0017.jpg Zydrunas_Ilgauskas/Zydrunas_Ilgauskas_0001.jpg 0
Zeljko_Rebraca/Zeljko_Rebraca_0001.jpg Chan_Choi/Chan_Choi_0001.jpg 0
Dominique_de_Villepin/Dominique_de_Villepin_0009.jpg Paul_Wolfowitz/Paul_Wolfowitz_0003.jpg 0
Abdulaziz_Kamilov/Abdulaziz_Kamilov_0001.jpg Tony_Stewart/Tony_Stewart_0006.jpg 0
Bill_Gates/Bill_Gates_0009.jpg George_W_Bush/George_W_Bush_0073.jpg 0
Kofi_Annan/Kofi_Annan_0022.jpg Kofi_Annan/Kofi_Annan_0022.jpg 1
Gerhard_Schroeder/Gerhard_Schroeder_0089.jpg Colin_Farrell/Colin_Farrell_0004.jpg 0
Demi_Moore/Demi_Moore_0002.jpg Demi_Moore/Demi_Moore_0002.jpg 1
George_W_Bush/George_W_Bush_0003.jpg Pedro_Malan/Pedro_Malan_0001.jpg 0
Lane_Odom/Lane_Odom_0001.jpg Lane_Odom/Lane_Odom_0001.jpg 1
Priscilla_Presley/Priscilla_Presley_0001.jpg Elsa_Zylberstein/Elsa_Zylberstein_0003.jpg 0
Hugo_Chavez/Hugo_Chavez_0058.jpg Hugo_Chavez/Hugo_Chavez_0004.jpg 1
Jeff_Van_Gundy/Jeff_Van_Gundy_0001.jpg Evan_Marriott/Evan_Marriott_0001.jpg 0
John_Garamendi/John_Garamendi_0001.jpg John_Garamendi/John_Garamendi_0002.jpg 1
Ai_Sugiyama/Ai_Sugiyama_0003.jpg Ai_Sugiyama/Ai_Sugiyama_0003.jpg 1
Paul_Gascoigne/Paul_Gascoigne_0001.jpg Eduardo_Duhalde/Eduardo_Duhalde_0009.jpg 0
George_W_Bush/George_W_Bush_0003.jpg Micheal_Jourdain_Jr/Micheal_Jourdain_Jr_0001.jpg 0
Mahmoud_Al_Zhar/Mahmoud_Al_Zhar_0001.jpg Mahmoud_Al_Zhar/Mahmoud_Al_Zhar_0001.jpg 1
Derian_Hatcher/Derian_Hatcher_0001.jpg Robert_Blackwill/Robert_Blackwill_0001.jpg 0
John_Ashcroft/John_Ashcroft_0023.jpg John_Ashcroft/John_Ashcroft_0005.jpg 1
Sheila_Copps/Sheila_Copps_0001.jpg John_Ashcroft/John_Ashcroft_0005.jpg 0
Amer_al-Saadi/Amer_al-Saadi_0003.jpg Amer_al-Saadi/Amer_al-Saadi_0001.jpg 1
George_W_Bush/George_W_Bush_0435.jpg Arnold_Schwarzenegger/Arnold_Schwarzenegger_0002.jpg 0
Kathleen_Kennedy_Townsend/Kathleen_Kennedy_Townsend_0004.jpg Kathleen_Kennedy_Townsend/Kathleen_Kennedy_Townsend_0002.jpg 1
Atal_Bihari_Vajpayee/Atal_Bihari_Vajpayee_0012.jpg Colin_Farrell/Colin_Farrell_0008.jpg 0
Emma_Thompson/Emma_Thompson_0001.jpg Jennifer_Connelly/Jennifer_Connelly_0003.jpg 0
Colin_Powell/Colin_Powell_0018.jpg Colin_Powell/Colin_Powell_0033.jpg 1
Carlos_Beltran/Carlos_Beltran_0001.jpg Carlos_Beltran/Carlos_Beltran_0001.jpg 1
Ed_Smart/Ed_Smart_0003.jpg Ed_Smart/Ed_Smart_0003.jpg 1
Thomas_Rupprath/Thomas_Rupprath_0002.jpg Thomas_Rupprath/Thomas_Rupprath_0002.jpg 1
Paul_Shanley/Paul_Shanley_0001.jpg Paul_Shanley/Paul_Shanley_0001.jpg 1
Sara_Silverman/Sara_Silverman_0001.jpg Sara_Silverman/Sara_Silverman_0001.jpg 1
George_W_Bush/George_W_Bush_0226.jpg George_W_Bush/George_W_Bush_0242.jpg 1
George_Robertson/George_Robertson_0016.jpg Alejandro_Toledo/Alejandro_Toledo_0037.jpg 0
Juan_Carlos_Morales/Juan_Carlos_Morales_0001.jpg Juan_Carlos_Morales/Juan_Carlos_Morales_0001.jpg 1
Bill_Clinton/Bill_Clinton_0003.jpg Bill_Clinton/Bill_Clinton_0022.jpg 1
Tim_Robbins/Tim_Robbins_0003.jpg Tim_Robbins/Tim_Robbins_0005.jpg 1
Vincent_Sombrotto/Vincent_Sombrotto_0001.jpg Vincent_Sombrotto/Vincent_Sombrotto_0001.jpg 1
Naomi_Watts/Naomi_Watts_0015.jpg Gary_Doer/Gary_Doer_0001.jpg 0
Martin_Rodriguez/Martin_Rodriguez_0001.jpg Martin_Rodriguez/Martin_Rodriguez_0001.jpg 1
Celso_Amorim/Celso_Amorim_0002.jpg Celso_Amorim/Celso_Amorim_0002.jpg 1
Candie_Kung/Candie_Kung_0002.jpg Candie_Kung/Candie_Kung_0002.jpg 1
